Word,Label_BIO,Sentence_Id
HỢP_ĐỒNG,O,0
CUNG_CẤP,O,0
DỊCH_VỤ,O,0
Số,O,1
:,O,1
2025,O,1
/,O,1
HĐDV-023,O,1
Căn_cứ,O,3
Bộ_luật,B-LAW,3
Dân_sự,I-LAW,3
năm,I-LAW,3
2015,I-LAW,3
;,O,3
Căn_cứ,O,4
Luật,B-LAW,4
Thương_mại,I-LAW,4
năm,I-LAW,4
2005,I-LAW,4
;,O,4
Hôm_nay,O,6
",",O,6
ngày,B-DATE,6
05,I-DATE,6
tháng,I-DATE,6
12,I-DATE,6
năm,I-DATE,6
2025,I-DATE,6
",",O,6
tại,O,6
TP.,O,6
Hồ_Chí_Minh,O,6
",",O,6
chúng_tôi,O,6
gồm,O,6
:,O,6
BÊN,B-PARTY,8
CUNG_CẤP,I-PARTY,8
DỊCH_VỤ,I-PARTY,8
(,O,8
BÊN,B-PARTY,8
A,I-PARTY,8
),O,8
:,O,8
Công_ty,B-PARTY,9
TNHH,I-PARTY,9
Giải_Pháp,I-PARTY,9
Số_Thành,I-PARTY,9
Công,I-PARTY,9
Địa_chỉ,O,10
:,O,10
567,O,10
Cách_Mạng_Tháng_Tám,O,10
",",O,10
Quận,O,10
10,O,10
",",O,10
TP.,O,10
Hồ_Chí_Minh,O,10
Mã_số,O,11
thuế,O,11
:,O,11
0315678901,O,11
Đại_diện,O,12
:,O,12
Ông,B-PARTY,12
Đặng_Quốc_Bảo,I-PARTY,12
-,O,12
Chức_vụ,O,12
:,O,12
Giám_đốc,O,12
BÊN,B-PARTY,14
SỬ_DỤNG,I-PARTY,14
DỊCH_VỤ,I-PARTY,14
(,O,14
BÊN,B-PARTY,14
B,I-PARTY,14
),O,14
:,O,14
Bệnh_viện,B-PARTY,15
Đa_khoa,I-PARTY,15
Quốc_tế,I-PARTY,15
Việt_Pháp,I-PARTY,15
Địa_chỉ,O,16
:,O,16
890,O,16
Nguyễn_Tri_Phương,O,16
",",O,16
Quận,O,16
5,O,16
",",O,16
TP.,O,16
Hồ_Chí_Minh,O,16
Mã_số,O,17
thuế,O,17
:,O,17
0311223344,O,17
Đại_diện,O,18
:,O,18
Bà,B-PARTY,18
Ngô_Thị_Hồng_Nhung,I-PARTY,18
-,O,18
Chức_vụ,O,18
:,O,18
Giám_đốc,O,18
Hành_chính,O,18
ĐIỀU,O,20
1,O,20
:,O,20
NỘI_DUNG,O,20
DỊCH_VỤ,O,20
1.1,O,21
.,O,21
Bên,B-PARTY,21
A,I-PARTY,21
cung_cấp,O,21
dịch_vụ,O,21
phát_triển,O,21
Hệ_thống,O,21
Quản_lý,O,21
Bệnh_viện,B-PARTY,21
Điện_tử,I-PARTY,21
(,O,21
HIS,O,21
),O,21
phiên_bản,O,21
3.0,O,21
.,O,21
1.2,O,22
.,O,22
Phạm_vi,O,22
:,O,22
phân_tích,O,22
",",O,22
thiết_kế,O,22
",",O,22
phát_triển,O,22
",",O,22
triển_khai,O,22
",",O,22
đào_tạo,O,22
và,O,22
bảo_trì,O,22
24,O,22
tháng,O,22
.,O,22
1.3,O,23
.,O,23
Bên,B-PARTY,23
A,I-PARTY,23
cam_kết,O,23
hệ_thống,O,23
đáp_ứng,O,23
tiêu_chuẩn,O,23
bảo_mật,O,23
dữ_liệu,O,23
y_tế,O,23
theo,O,23
Bộ,O,23
Y_tế,O,23
.,O,23
ĐIỀU,O,25
2,O,25
:,O,25
GIÁ_TRỊ,O,25
VÀ,O,25
THANH_TOÁN,O,25
2.1,O,26
.,O,26
Tổng,O,26
giá_trị,O,26
:,O,26
2.500.000.000,B-MONEY,26
VNĐ,I-MONEY,26
(,O,26
Hai,O,26
tỷ,O,26
năm,O,26
trăm,O,26
triệu,O,26
đồng,O,26
),O,26
",",O,26
đã,O,26
bao_gồm,O,26
VAT,O,26
.,O,26
2.2,O,27
.,O,27
Thanh_toán,O,27
4,O,27
đợt,O,27
:,O,27
20%,B-RATE,27
khi,O,27
ký,O,27
-,O,27
30%,B-RATE,27
sau,O,27
thiết_kế,O,27
-,O,27
30%,B-RATE,27
sau,O,27
triển_khai,O,27
-,O,27
20%,B-RATE,27
sau,O,27
nghiệm_thu,O,27
.,O,27
2.3,O,28
.,O,28
Thanh_toán,O,28
chuyển_khoản,O,28
trong,O,28
10,O,28
ngày,O,28
làm_việc,O,28
kể,O,28
từ,O,28
khi,O,28
nhận,O,28
hồ_sơ,O,28
hợp_lệ,O,28
.,O,28
ĐIỀU,O,30
3,O,30
:,O,30
TIẾN_ĐỘ,O,30
3.1,O,31
.,O,31
Tổng,O,31
thời_gian,O,31
:,O,31
09,O,31
tháng,O,31
.,O,31
3.2,O,32
.,O,32
Bên,B-PARTY,32
A,I-PARTY,32
báo_cáo,O,32
tiến_độ,O,32
mỗi,O,32
02,O,32
tuần,O,32
và,O,32
họp,O,32
review,O,32
hàng,O,32
tháng,O,32
.,O,32
3.3,O,33
.,O,33
Chậm,O,33
tiến_độ,O,33
quá,O,33
15,O,33
ngày,O,33
",",O,33
Bên,B-PARTY,33
B,I-PARTY,33
có,O,33
quyền,O,33
yêu_cầu,O,33
tăng,O,33
nhân_lực,O,33
hoặc,O,33
phạt,O,33
theo,O,33
Điều,O,33
7,O,33
.,O,33
ĐIỀU,O,35
4,O,35
:,O,35
SỞ_HỮU_TRÍ_TUỆ,O,35
4.1,O,36
.,O,36
Mã,O,36
nguồn,O,36
thuộc,O,36
sở_hữu,O,36
Bên,B-PARTY,36
B,I-PARTY,36
sau,O,36
khi,O,36
thanh_toán,O,36
đầy_đủ,O,36
.,O,36
4.2,O,37
.,O,37
Bên,B-PARTY,37
A,I-PARTY,37
không,O,37
được,O,37
sử_dụng,O,37
mã,O,37
nguồn,O,37
tuỳ,O,37
chỉnh,O,37
cho,O,37
bên,O,37
thứ,O,37
ba,O,37
.,O,37
4.3,O,38
.,O,38
Bên,B-PARTY,38
B,I-PARTY,38
có,O,38
quyền,O,38
yêu_cầu,O,38
chuyển_giao,O,38
toàn_bộ,O,38
tài_liệu,O,38
kỹ_thuật,O,38
.,O,38
ĐIỀU,O,40
5,O,40
:,O,40
BẢO_MẬT,O,40
5.1,O,41
.,O,41
Bên,B-PARTY,41
A,I-PARTY,41
cam_kết,O,41
bảo_mật,O,41
dữ_liệu,O,41
bệnh_nhân,O,41
",",O,41
hồ_sơ,O,41
y_tế,O,41
và,O,41
thông_tin,O,41
kinh_doanh,O,41
.,O,41
5.2,O,42
.,O,42
Nghiêm_cấm,O,42
Bên,B-PARTY,42
A,I-PARTY,42
truy_cập,O,42
",",O,42
sao_chép,O,42
hoặc,O,42
chia_sẻ,O,42
dữ_liệu,O,42
bệnh_nhân,O,42
cho,O,42
bên,O,42
thứ,O,42
ba,O,42
.,O,42
5.3,O,43
.,O,43
Nghĩa_vụ,O,43
bảo_mật,O,43
kéo_dài,O,43
vô_thời_hạn,O,43
đối_với,O,43
dữ_liệu,O,43
y_tế,O,43
.,O,43
5.4,O,44
.,O,44
Vi_phạm,O,44
bảo_mật,O,44
:,O,44
bồi_thường,O,44
tối_thiểu,O,44
500.000.000,B-MONEY,44
VNĐ,I-MONEY,44
.,O,44
ĐIỀU,O,46
6,O,46
:,O,46
BẢO_HÀNH,O,46
6.1,O,47
.,O,47
Bảo_hành,O,47
24,O,47
tháng,O,47
kể,O,47
từ,O,47
ngày,O,47
nghiệm_thu,O,47
.,O,47
6.2,O,48
.,O,48
Lỗi,O,48
nghiêm_trọng,O,48
:,O,48
xử_lý,O,48
trong,O,48
04,O,48
giờ,O,48
.,O,48
6.3,O,49
.,O,49
Hỗ_trợ,O,49
kỹ_thuật,O,49
24/7,O,49
trong,O,49
thời_gian,O,49
bảo_hành,O,49
.,O,49
ĐIỀU,O,51
7,O,51
:,O,51
PHẠT,O,51
VI_PHẠM,O,51
7.1,O,52
.,O,52
Chậm,O,52
tiến_độ,O,52
:,O,52
phạt,O,52
0.3%,B-RATE,52
giá_trị,O,52
hợp_đồng,O,52
mỗi,O,52
tuần,O,52
",",O,52
tối_đa,O,52
10%,B-RATE,52
.,O,52
7.2,O,53
.,O,53
Không,O,53
khắc_phục,O,53
lỗi,O,53
đúng,O,53
hạn,O,53
:,O,53
phạt,O,53
5.000.000,B-MONEY,53
VNĐ,I-MONEY,53
/,O,53
ngày,O,53
đối_với,O,53
lỗi,O,53
nghiêm_trọng,O,53
.,O,53
7.3,O,54
.,O,54
Chậm,O,54
thanh_toán,O,54
:,O,54
lãi_suất,O,54
1%,B-RATE,54
/,O,54
tháng,O,54
.,O,54
ĐIỀU,O,56
8,O,56
:,O,56
CHẤM_DỨT,O,56
HỢP_ĐỒNG,O,56
8.1,O,57
.,O,57
Bên,B-PARTY,57
B,I-PARTY,57
có,O,57
quyền,O,57
chấm_dứt,O,57
nếu,O,57
Bên,B-PARTY,57
A,I-PARTY,57
chậm,O,57
quá,O,57
60,O,57
ngày,O,57
hoặc,O,57
chất_lượng,O,57
không,O,57
đạt,O,57
sau,O,57
02,O,57
lần,O,57
yêu_cầu,O,57
sửa,O,57
.,O,57
8.2,O,58
.,O,58
Chấm_dứt,O,58
do,O,58
lỗi,O,58
Bên,B-PARTY,58
A,I-PARTY,58
:,O,58
hoàn_trả,O,58
toàn_bộ,O,58
tiền,O,58
và,O,58
bồi_thường,O,58
15%,B-RATE,58
giá_trị,O,58
hợp_đồng,O,58
.,O,58
8.3,O,59
.,O,59
Bên,B-PARTY,59
A,I-PARTY,59
bàn_giao,O,59
toàn_bộ,O,59
mã,O,59
nguồn,O,59
và,O,59
tài_liệu,O,59
trong,O,59
14,O,59
ngày,O,59
khi,O,59
chấm_dứt,O,59
.,O,59
ĐIỀU,O,61
9,O,61
:,O,61
ĐIỀU_KHOẢN,O,61
CHUNG,O,61
9.1,O,62
.,O,62
Tranh_chấp,O,62
giải_quyết,O,62
tại,O,62
Trung_tâm,O,62
Trọng_tài,O,62
Quốc_tế,O,62
Việt_Nam,O,62
(,O,62
VIAC,O,62
),O,62
.,O,62
9.2,O,63
.,O,63
Hợp_đồng,O,63
lập,O,63
thành,O,63
04,O,63
bản,O,63
",",O,63
mỗi,O,63
bên,O,63
giữ,O,63
02,O,63
bản,O,63
.,O,63
BÊN,B-PARTY,65
CUNG_CẤP,I-PARTY,65
DỊCH_VỤ,I-PARTY,65
BÊN,I-PARTY,65
SỬ_DỤNG,I-PARTY,65
DỊCH_VỤ,I-PARTY,65
ĐẶNG_QUỐC,O,67
BẢO,O,67
NGÔ,O,67
THỊ,O,67
HỒNG_NHUNG,O,67
HỢP_ĐỒNG,O,69
LAO_ĐỘNG,O,69
Số,O,70
:,O,70
2025,O,70
/,O,70
HĐLĐ-088,O,70
Căn_cứ,O,72
Bộ_luật,B-LAW,72
Lao_động,I-LAW,72
năm,I-LAW,72
2019,I-LAW,72
;,O,72
Căn_cứ,O,73
nhu_cầu,O,73
sản_xuất,O,73
kinh_doanh,O,73
và,O,73
năng_lực,O,73
của,O,73
người,O,73
lao_động,O,73
;,O,73
Hôm_nay,O,75
",",O,75
ngày,B-DATE,75
20,I-DATE,75
tháng,I-DATE,75
09,I-DATE,75
năm,I-DATE,75
2025,I-DATE,75
",",O,75
tại,O,75
Thành_phố,O,75
Đà_Nẵng,O,75
",",O,75
chúng_tôi,O,75
gồm,O,75
:,O,75
NGƯỜI,O,77
SỬ_DỤNG,O,77
LAO_ĐỘNG,O,77
(,O,77
BÊN,B-PARTY,77
A,I-PARTY,77
),O,77
:,O,77
Công_ty,B-PARTY,78
Cổ_phần,I-PARTY,78
Phần_Mềm,I-PARTY,78
FPT,I-PARTY,78
Đà_Nẵng,I-PARTY,78
Địa_chỉ,O,79
:,O,79
Lô,O,79
A17,O,79
",",O,79
Khu,O,79
Công_nghệ_cao,O,79
",",O,79
Quận,O,79
Ngũ_Hành_Sơn,O,79
",",O,79
TP.,O,79
Đà_Nẵng,O,79
Mã_số,O,80
thuế,O,80
:,O,80
0401234567,O,80
Đại_diện,O,81
:,O,81
Ông,B-PARTY,81
Phạm_Đức_Trung,I-PARTY,81
-,O,81
Chức_vụ,O,81
:,O,81
Tổng_Giám_đốc,O,81
Số,O,82
điện_thoại,O,82
:,O,82
0236-3888-999,O,82
NGƯỜI,O,84
LAO_ĐỘNG,O,84
(,O,84
BÊN,B-PARTY,84
B,I-PARTY,84
),O,84
:,O,84
Ông,B-PARTY,85
Võ_Minh_Khoa,I-PARTY,85
Ngày_sinh,O,86
:,O,86
15/03/1995,B-DATE,86
Số,O,87
CCCD,O,87
:,O,87
048095123456,O,87
Địa_chỉ,O,88
:,O,88
234,O,88
Trần_Phú,O,88
",",O,88
Quận,O,88
Hải_Châu,O,88
",",O,88
TP.,O,88
Đà_Nẵng,O,88
Trình_độ,O,89
chuyên_môn,O,89
:,O,89
Kỹ_sư,O,89
Công_nghệ_Thông_tin,O,89
Số,O,90
điện_thoại,O,90
:,O,90
0935-678-901,O,90
Hai,O,92
bên,O,92
thoả_thuận,O,92
ký_kết,O,92
hợp_đồng,O,92
lao_động,O,92
với,O,92
các,O,92
điều_khoản,O,92
sau,O,92
:,O,92
ĐIỀU,O,94
1,O,94
:,O,94
CÔNG_VIỆC,O,94
VÀ,O,94
ĐỊA_ĐIỂM,O,94
LÀM_VIỆC,O,94
1.1,O,95
.,O,95
Bên,B-PARTY,95
B,I-PARTY,95
được,O,95
tuyển_dụng,O,95
vào,O,95
vị_trí,O,95
Kỹ_sư,O,95
phần_mềm,O,95
cấp,O,95
cao,O,95
(,O,95
Senior_Software_Engineer,O,95
),O,95
tại,O,95
Phòng,O,95
Phát_triển,O,95
Sản_phẩm,O,95
.,O,95
1.2,O,96
.,O,96
Địa_điểm,O,96
làm_việc,O,96
:,O,96
Trụ_sở,O,96
Công_ty,O,96
tại,O,96
Lô,O,96
A17,O,96
",",O,96
Khu,O,96
Công_nghệ_cao,O,96
",",O,96
Quận,O,96
Ngũ_Hành_Sơn,O,96
",",O,96
TP.,O,96
Đà_Nẵng,O,96
.,O,96
1.3,O,97
.,O,97
Bên,B-PARTY,97
B,I-PARTY,97
có,O,97
nghĩa_vụ,O,97
hoàn_thành,O,97
các,O,97
nhiệm_vụ,O,97
được,O,97
giao,O,97
theo,O,97
mô_tả,O,97
công_việc,O,97
đính,O,97
kèm,O,97
Phụ_lục,O,97
1,O,97
.,O,97
1.4,O,98
.,O,98
Bên,B-PARTY,98
A,I-PARTY,98
không,O,98
được,O,98
phép,O,98
chuyển,O,98
Bên,B-PARTY,98
B,I-PARTY,98
sang,O,98
làm,O,98
công_việc,O,98
khác,O,98
mà,O,98
không,O,98
có,O,98
sự,O,98
đồng_ý,O,98
của,O,98
Bên,B-PARTY,98
B,I-PARTY,98
",",O,98
trừ,O,98
trường_hợp,O,98
tạm_thời,O,98
theo,O,98
quy_định,O,98
của,O,98
Bộ_luật,B-LAW,98
Lao_động,I-LAW,98
.,O,98
ĐIỀU,O,100
2,O,100
:,O,100
LOẠI,O,100
HỢP_ĐỒNG,O,100
VÀ,O,100
THỜI_HẠN,O,100
2.1,O,101
.,O,101
Loại,O,101
hợp_đồng,O,101
:,O,101
Hợp_đồng,O,101
lao_động,O,101
xác_định,O,101
thời_hạn,O,101
.,O,101
2.2,O,102
.,O,102
Thời_hạn,O,102
:,O,102
24,O,102
tháng,O,102
",",O,102
từ,O,102
ngày,O,102
01/10/2025,B-DATE,102
đến,O,102
hết,O,102
ngày,O,102
30/09/2027,B-DATE,102
.,O,102
2.3,O,103
.,O,103
Thời_gian,O,103
thử,O,103
việc,O,103
:,O,103
60,O,103
ngày,O,103
kể,O,103
từ,O,103
ngày,O,103
bắt_đầu,O,103
làm_việc,O,103
.,O,103
2.4,O,104
.,O,104
Sau,O,104
khi,O,104
hết,O,104
thời_gian,O,104
thử,O,104
việc,O,104
",",O,104
nếu,O,104
Bên,B-PARTY,104
B,I-PARTY,104
đạt,O,104
yêu_cầu,O,104
",",O,104
Bên,B-PARTY,104
A,I-PARTY,104
phải,O,104
thông_báo,O,104
kết_quả,O,104
và,O,104
ký,O,104
chính_thức,O,104
trong,O,104
vòng,O,104
03,O,104
ngày,O,104
làm_việc,O,104
.,O,104
ĐIỀU,O,106
3,O,106
:,O,106
CHẾ_ĐỘ,O,106
LƯƠNG,O,106
VÀ,O,106
PHỤ_CẤP,O,106
3.1,O,107
.,O,107
Mức,O,107
lương,O,107
chính,O,107
:,O,107
30.000.000,B-MONEY,107
VNĐ,I-MONEY,107
/,O,107
tháng,O,107
(,O,107
Ba_mươi,O,107
triệu,O,107
đồng,O,107
),O,107
.,O,107
3.2,O,108
.,O,108
Phụ_cấp,O,108
:,O,108
a,O,109
),O,109
Phụ_cấp,O,109
ăn,O,109
trưa,O,109
:,O,109
1.500.000,B-MONEY,109
VNĐ,I-MONEY,109
/,O,109
tháng,O,109
b,O,110
),O,110
Phụ_cấp,O,110
đi_lại,O,110
:,O,110
1.000.000,B-MONEY,110
VNĐ,I-MONEY,110
/,O,110
tháng,O,110
c,O,111
),O,111
Phụ_cấp,O,111
điện_thoại,O,111
:,O,111
500.000,B-MONEY,111
VNĐ,I-MONEY,111
/,O,111
tháng,O,111
3.3,O,112
.,O,112
Tổng,O,112
thu_nhập,O,112
hàng,O,112
tháng,O,112
:,O,112
33.000.000,B-MONEY,112
VNĐ,I-MONEY,112
(,O,112
chưa,O,112
trừ,O,112
các,O,112
khoản,O,112
đóng,O,112
BHXH,O,112
",",O,112
BHYT,O,112
",",O,112
thuế,O,112
TNCN,O,112
),O,112
.,O,112
3.4,O,113
.,O,113
Lương,O,113
được,O,113
trả,O,113
vào,O,113
ngày,B-DATE,113
10,I-DATE,113
hàng,O,113
tháng,O,113
qua,O,113
chuyển_khoản,O,113
ngân_hàng,O,113
.,O,113
3.5,O,114
.,O,114
Bên,B-PARTY,114
B,I-PARTY,114
được,O,114
xét,O,114
thưởng,O,114
hiệu_suất,O,114
hàng,O,114
quý,O,114
",",O,114
mức,O,114
thưởng,O,114
tối_đa,O,114
bằng,O,114
01,O,114
tháng,O,114
lương,O,114
.,O,114
3.6,O,115
.,O,115
Bên,B-PARTY,115
A,I-PARTY,115
phải,O,115
xem_xét,O,115
điều_chỉnh,O,115
lương,O,115
ít_nhất,O,115
01,O,115
lần,O,115
mỗi,O,115
năm,O,115
",",O,115
mức,O,115
tăng,O,115
tối_thiểu,O,115
không,O,115
thấp,O,115
hơn,O,115
tỷ_lệ,O,115
lạm_phát,O,115
.,O,115
ĐIỀU,O,117
4,O,117
:,O,117
THỜI_GIỜ,O,117
LÀM_VIỆC,O,117
VÀ,O,117
NGHỈ_NGƠI,O,117
4.1,O,118
.,O,118
Thời_giờ,O,118
làm_việc,O,118
:,O,118
08,O,118
giờ,O,118
/,O,118
ngày,O,118
",",O,118
05,O,118
ngày,O,118
/,O,118
tuần,O,118
(,O,118
Thứ,O,118
Hai,O,118
đến,O,118
Thứ_Sáu,O,118
),O,118
",",O,118
từ,O,118
08:00,O,118
đến,O,118
17:00,O,118
.,O,118
4.2,O,119
.,O,119
Bên,B-PARTY,119
B,I-PARTY,119
được,O,119
nghỉ_phép,O,119
năm,B-DATE,119
15,I-DATE,119
ngày,O,119
/,O,119
năm,O,119
có,O,119
hưởng,O,119
lương,O,119
.,O,119
4.3,O,120
.,O,120
Bên,B-PARTY,120
B,I-PARTY,120
được,O,120
nghỉ,O,120
các,O,120
ngày,O,120
lễ,O,120
",",O,120
tết,O,120
theo,O,120
quy_định,O,120
của,O,120
pháp_luật,O,120
.,O,120
4.4,O,121
.,O,121
Trường_hợp,O,121
làm,O,121
thêm,O,121
giờ,O,121
",",O,121
Bên,B-PARTY,121
A,I-PARTY,121
phải,O,121
trả,O,121
lương,O,121
làm,O,121
thêm,O,121
theo,O,121
đúng,O,121
quy_định,O,121
:,O,121
150%,B-RATE,121
vào,O,121
ngày,O,121
thường,O,121
",",O,121
200%,B-RATE,121
vào,O,121
ngày,O,121
nghỉ,O,121
hàng,O,121
tuần,O,121
",",O,121
300%,B-RATE,121
vào,O,121
ngày,O,121
lễ,O,121
.,O,121
4.5,O,122
.,O,122
Bên,B-PARTY,122
A,I-PARTY,122
không,O,122
được,O,122
yêu_cầu,O,122
Bên,B-PARTY,122
B,I-PARTY,122
làm,O,122
thêm,O,122
quá,O,122
40,O,122
giờ,O,122
mỗi,O,122
tháng,O,122
và,O,122
200,O,122
giờ,O,122
mỗi,O,122
năm,O,122
.,O,122
ĐIỀU,O,124
5,O,124
:,O,124
BẢO_HIỂM_XÃ_HỘI,O,124
VÀ,O,124
PHÚC_LỢI,O,124
5.1,O,125
.,O,125
Bên,B-PARTY,125
A,I-PARTY,125
đóng,O,125
bảo_hiểm_xã_hội,O,125
",",O,125
bảo_hiểm_y_tế,O,125
",",O,125
bảo_hiểm,O,125
thất_nghiệp,O,125
cho,O,125
Bên,B-PARTY,125
B,I-PARTY,125
theo,O,125
quy_định,O,125
pháp_luật,O,125
.,O,125
5.2,O,126
.,O,126
Bên,B-PARTY,126
B,I-PARTY,126
được,O,126
hưởng,O,126
bảo_hiểm,O,126
sức_khoẻ,O,126
cao_cấp,O,126
(,O,126
PVI,O,126
Care,O,126
),O,126
cho,O,126
bản_thân,O,126
",",O,126
mức,O,126
bảo_hiểm,O,126
200.000.000,B-MONEY,126
VNĐ,I-MONEY,126
/,O,126
năm,O,126
.,O,126
5.3,O,127
.,O,127
Bên,B-PARTY,127
B,I-PARTY,127
được,O,127
tham_gia,O,127
các,O,127
chương_trình,O,127
đào_tạo,O,127
nâng,O,127
cao,O,127
kỹ_năng,O,127
do,O,127
Công_ty,O,127
tổ_chức,O,127
hoặc,O,127
tài_trợ,O,127
.,O,127
5.4,O,128
.,O,128
Bên,B-PARTY,128
B,I-PARTY,128
được,O,128
hỗ_trợ,O,128
chi_phí,O,128
chứng_chỉ,O,128
chuyên_môn,O,128
quốc_tế,O,128
(,O,128
AWS,O,128
",",O,128
Azure,O,128
",",O,128
GCP,O,128
),O,128
với,O,128
mức,O,128
tối_đa,O,128
15.000.000,B-MONEY,128
VNĐ,I-MONEY,128
/,O,128
năm,O,128
.,O,128
ĐIỀU,O,130
6,O,130
:,O,130
NGHĨA_VỤ,O,130
BẢO_MẬT,O,130
6.1,O,131
.,O,131
Bên,B-PARTY,131
B,I-PARTY,131
cam_kết,O,131
giữ,O,131
bí_mật,O,131
mọi,O,131
thông_tin,O,131
kỹ_thuật,O,131
",",O,131
kinh_doanh,O,131
",",O,131
dữ_liệu,O,131
khách_hàng,O,131
và,O,131
các,O,131
thông_tin,O,131
mật,O,131
khác,O,131
của,O,131
Bên,B-PARTY,131
A,I-PARTY,131
trong,O,131
suốt,O,131
thời_gian,O,131
làm_việc,O,131
và,O,131
24,O,131
tháng,O,131
sau,O,131
khi,O,131
chấm_dứt,O,131
hợp_đồng,O,131
.,O,131
6.2,O,132
.,O,132
Bên,B-PARTY,132
B,I-PARTY,132
không,O,132
được,O,132
phép,O,132
sao_chép,O,132
",",O,132
chia_sẻ,O,132
hoặc,O,132
sử_dụng,O,132
mã,O,132
nguồn,O,132
",",O,132
tài_liệu,O,132
kỹ_thuật,O,132
của,O,132
Bên,B-PARTY,132
A,I-PARTY,132
cho,O,132
mục_đích,O,132
cá_nhân,O,132
hoặc,O,132
bên,O,132
thứ,O,132
ba,O,132
.,O,132
6.3,O,133
.,O,133
Vi_phạm,O,133
nghĩa_vụ,O,133
bảo_mật,O,133
",",O,133
Bên,B-PARTY,133
B,I-PARTY,133
phải,O,133
bồi_thường,O,133
thiệt_hại,O,133
tối_thiểu,O,133
100.000.000,B-MONEY,133
VNĐ,I-MONEY,133
và,O,133
chịu,O,133
trách_nhiệm,O,133
pháp_lý,O,133
theo,O,133
quy_định,O,133
.,O,133
6.4,O,134
.,O,134
Cấm_Bên_B,O,134
làm_việc,O,134
cho,O,134
đối_thủ,O,134
cạnh_tranh,O,134
trực_tiếp,O,134
của,O,134
Bên,B-PARTY,134
A,I-PARTY,134
trong,O,134
vòng,O,134
12,O,134
tháng,O,134
sau,O,134
khi,O,134
nghỉ_việc,O,134
.,O,134
ĐIỀU,O,136
7,O,136
:,O,136
CHẤM_DỨT,O,136
HỢP_ĐỒNG,O,136
7.1,O,137
.,O,137
Bên,B-PARTY,137
B,I-PARTY,137
có,O,137
quyền,O,137
đơn_phương,O,137
chấm_dứt,O,137
hợp_đồng,O,137
trước,O,137
thời_hạn,O,137
nhưng,O,137
phải,O,137
báo,O,137
trước,O,137
bằng,O,137
văn_bản,O,137
ít_nhất,O,137
30,O,137
ngày,O,137
.,O,137
7.2,O,138
.,O,138
Bên,B-PARTY,138
A,I-PARTY,138
có,O,138
quyền,O,138
đơn_phương,O,138
chấm_dứt,O,138
hợp_đồng,O,138
khi,O,138
Bên,B-PARTY,138
B,I-PARTY,138
vi_phạm,O,138
kỷ_luật,O,138
lao_động,O,138
nghiêm_trọng,O,138
theo,O,138
nội_quy,O,138
công_ty,O,138
.,O,138
7.3,O,139
.,O,139
Bên,B-PARTY,139
A,I-PARTY,139
phải,O,139
thông_báo,O,139
trước,O,139
ít_nhất,O,139
45,O,139
ngày,O,139
nếu,O,139
đơn_phương,O,139
chấm_dứt,O,139
hợp_đồng,O,139
và,O,139
phải,O,139
trả,O,139
trợ_cấp,O,139
thôi_việc,O,139
theo,O,139
quy_định,O,139
.,O,139
7.4,O,140
.,O,140
Khi,O,140
chấm_dứt,O,140
hợp_đồng,O,140
",",O,140
Bên,B-PARTY,140
B,I-PARTY,140
phải,O,140
bàn_giao,O,140
đầy_đủ,O,140
tài_sản,O,140
",",O,140
tài_liệu,O,140
",",O,140
mã,O,140
nguồn,O,140
và,O,140
quyền,O,140
truy_cập,O,140
hệ_thống,O,140
trong,O,140
vòng,O,140
07,O,140
ngày,O,140
làm_việc,O,140
.,O,140
7.5,O,141
.,O,141
Bên,B-PARTY,141
A,I-PARTY,141
phải,O,141
thanh_toán,O,141
đầy_đủ,O,141
lương,O,141
",",O,141
thưởng,O,141
và,O,141
các,O,141
khoản,O,141
phúc_lợi,O,141
còn,O,141
thiếu,O,141
cho,O,141
Bên,B-PARTY,141
B,I-PARTY,141
trong,O,141
vòng,O,141
14,O,141
ngày,O,141
kể,O,141
từ,O,141
ngày,O,141
chấm_dứt,O,141
hợp_đồng,O,141
.,O,141
ĐIỀU,O,143
8,O,143
:,O,143
ĐIỀU_KHOẢN,O,143
CHUNG,O,143
8.1,O,144
.,O,144
Hai,O,144
bên,O,144
cam_kết,O,144
thực_hiện,O,144
đầy_đủ,O,144
các,O,144
điều_khoản,O,144
trong,O,144
hợp_đồng,O,144
này,O,144
.,O,144
8.2,O,145
.,O,145
Tranh_chấp,O,145
phát_sinh,O,145
được,O,145
giải_quyết,O,145
theo,O,145
quy_định,O,145
của,O,145
Bộ_luật,B-LAW,145
Lao_động,I-LAW,145
hiện_hành,O,145
.,O,145
8.3,O,146
.,O,146
Hợp_đồng,O,146
được,O,146
lập,O,146
thành,O,146
02,O,146
bản,O,146
",",O,146
mỗi,O,146
bên,B-PARTY,146
giữ,O,146
01,O,146
bản,O,146
có,O,146
giá_trị,O,146
pháp_lý,O,146
như,O,146
nhau,O,146
.,O,146
NGƯỜI,O,148
SỬ_DỤNG,O,148
LAO_ĐỘNG,O,148
NGƯỜI,O,148
LAO_ĐỘNG,O,148
Tổng_Giám_đốc,O,149
PHẠM,O,152
ĐỨC,O,152
TRUNG,O,152
VÕ,O,152
MINH,O,152
KHOA,O,152
HỢP_ĐỒNG,O,154
MUA_BÁN,O,154
HÀNG,O,154
HÓA,O,154
Số,O,155
:,O,155
2025,O,155
/,O,155
HĐMB-001,O,155
Căn_cứ,O,157
Bộ_luật,B-LAW,157
Dân_sự,I-LAW,157
năm,I-LAW,157
2015,I-LAW,157
;,O,157
Căn_cứ,O,158
Luật,B-LAW,158
Thương_mại,I-LAW,158
năm,I-LAW,158
2005,I-LAW,158
;,O,158
Căn_cứ,O,159
nhu_cầu,O,159
và,O,159
khả_năng,O,159
của,O,159
hai,O,159
bên,O,159
;,O,159
Hôm_nay,O,161
",",O,161
ngày,B-DATE,161
15,I-DATE,161
tháng,I-DATE,161
10,I-DATE,161
năm,I-DATE,161
2025,I-DATE,161
",",O,161
tại,O,161
Thành_phố,O,161
Hồ_Chí_Minh,O,161
",",O,161
chúng_tôi,O,161
gồm,O,161
:,O,161
BÊN,B-PARTY,163
BÁN,I-PARTY,163
(,O,163
BÊN,B-PARTY,163
A,I-PARTY,163
),O,163
:,O,163
Công_ty,B-PARTY,164
TNHH,I-PARTY,164
Thương_Mại,I-PARTY,164
Minh_Phát,I-PARTY,164
Địa_chỉ,O,165
:,O,165
123,O,165
Nguyễn_Huệ,O,165
",",O,165
Quận,O,165
1,O,165
",",O,165
TP.,O,165
Hồ_Chí_Minh,O,165
Mã_số,O,166
thuế,O,166
:,O,166
0312345678,O,166
Đại_diện,O,167
:,O,167
Ông,B-PARTY,167
Nguyễn_Văn_An,I-PARTY,167
-,O,167
Chức_vụ,O,167
:,O,167
Giám_đốc,O,167
Số,O,168
điện_thoại,O,168
:,O,168
028-3822-1234,O,168
Số,O,169
tài_khoản,O,169
:,O,169
1234567890,O,169
tại,O,169
Ngân_hàng,B-PARTY,169
Vietcombank,I-PARTY,169
-,O,169
Chi_nhánh,O,169
TP.,O,169
HCM,O,169
BÊN,B-PARTY,171
MUA,I-PARTY,171
(,O,171
BÊN,B-PARTY,171
B,I-PARTY,171
),O,171
:,O,171
Công_ty,B-PARTY,172
Cổ_phần,I-PARTY,172
Xây_Dựng,I-PARTY,172
Hoàng_Long,I-PARTY,172
Địa_chỉ,O,173
:,O,173
456,O,173
Lê_Lợi,O,173
",",O,173
Quận,O,173
3,O,173
",",O,173
TP.,O,173
Hồ_Chí_Minh,O,173
Mã_số,O,174
thuế,O,174
:,O,174
0398765432,O,174
Đại_diện,O,175
:,O,175
Bà,B-PARTY,175
Trần_Thị_Mai,I-PARTY,175
-,O,175
Chức_vụ,O,175
:,O,175
Phó,O,175
Giám_đốc,O,175
Số,O,176
điện_thoại,O,176
:,O,176
028-3933-5678,O,176
Số,O,177
tài_khoản,O,177
:,O,177
0987654321,O,177
tại,O,177
Ngân_hàng,B-PARTY,177
BIDV,I-PARTY,177
-,O,177
Chi_nhánh,O,177
Sài_Gòn,O,177
Hai,O,179
bên,O,179
thoả_thuận,O,179
ký_kết,O,179
hợp_đồng,O,179
mua_bán,O,179
hàng_hoá,O,179
với,O,179
các,O,179
điều_khoản,O,179
sau,O,179
:,O,179
ĐIỀU,O,181
1,O,181
:,O,181
ĐỐI_TƯỢNG,O,181
HỢP_ĐỒNG,O,181
1.1,O,182
.,O,182
Bên,B-PARTY,182
A,I-PARTY,182
đồng_ý,O,182
bán,O,182
và,O,182
Bên,B-PARTY,182
B,I-PARTY,182
đồng_ý,O,182
mua,O,182
các,O,182
loại,O,182
vật_tư,O,182
xây_dựng,O,182
theo,O,182
danh_mục,O,182
đính,O,182
kèm,O,182
Phụ_lục,O,182
1,O,182
của,O,182
hợp_đồng,O,182
này,O,182
.,O,182
1.2,O,183
.,O,183
Hàng_hoá,O,183
phải,O,183
đảm_bảo,O,183
chất_lượng,O,183
theo,O,183
tiêu_chuẩn,O,183
TCVN,O,183
hiện_hành,O,183
và,O,183
có,O,183
đầy_đủ,O,183
giấy,O,183
chứng_nhận,O,183
xuất_xứ,O,183
.,O,183
1.3,O,184
.,O,184
Bên,B-PARTY,184
A,I-PARTY,184
cam_kết,O,184
hàng_hoá,O,184
là,O,184
hàng,O,184
mới,O,184
100%,B-RATE,184
",",O,184
chưa,O,184
qua,O,184
sử_dụng,O,184
và,O,184
không,O,184
thuộc,O,184
danh_mục,O,184
hàng,O,184
cấm,O,184
kinh_doanh,O,184
.,O,184
ĐIỀU,O,186
2,O,186
:,O,186
GIÁ_TRỊ,O,186
HỢP_ĐỒNG,O,186
VÀ,O,186
PHƯƠNG_THỨC,O,186
THANH_TOÁN,O,186
2.1,O,187
.,O,187
Tổng,O,187
giá_trị,O,187
hợp_đồng,O,187
là,O,187
500.000.000,B-MONEY,187
VNĐ,I-MONEY,187
(,O,187
Năm,O,187
trăm,O,187
triệu,O,187
đồng,O,187
chẵn,O,187
),O,187
",",O,187
đã,O,187
bao_gồm,O,187
thuế,O,187
VAT,O,187
10%,B-RATE,187
.,O,187
2.2,O,188
.,O,188
Phương_thức,O,188
thanh_toán,O,188
:,O,188
Chuyển_khoản,O,188
ngân_hàng,O,188
.,O,188
2.3,O,189
.,O,189
Tiến_độ,O,189
thanh_toán,O,189
:,O,189
a,O,190
),O,190
Đợt,O,190
1,O,190
:,O,190
Bên,B-PARTY,190
B,I-PARTY,190
thanh_toán,O,190
30%,B-RATE,190
giá_trị,O,190
hợp_đồng,O,190
",",O,190
tương_đương,O,190
150.000.000,B-MONEY,190
VNĐ,I-MONEY,190
trong,O,190
vòng,O,190
05,O,190
ngày,O,190
làm_việc,O,190
kể,O,190
từ,O,190
ngày,O,190
ký,O,190
hợp_đồng,O,190
.,O,190
b,O,191
),O,191
Đợt,O,191
2,O,191
:,O,191
Bên,B-PARTY,191
B,I-PARTY,191
thanh_toán,O,191
50%,B-RATE,191
giá_trị,O,191
hợp_đồng,O,191
",",O,191
tương_đương,O,191
250.000.000,B-MONEY,191
VNĐ,I-MONEY,191
khi,O,191
Bên,B-PARTY,191
A_giao,I-PARTY,191
đủ,O,191
hàng_hoá,O,191
đợt,O,191
1,O,191
.,O,191
c,O,192
),O,192
Đợt,O,192
3,O,192
:,O,192
Bên,B-PARTY,192
B,I-PARTY,192
thanh_toán,O,192
20%,B-RATE,192
giá_trị,O,192
hợp_đồng,O,192
còn,O,192
lại,O,192
",",O,192
tương_đương,O,192
100.000.000,B-MONEY,192
VNĐ,I-MONEY,192
trong,O,192
vòng,O,192
15,O,192
ngày,O,192
sau,O,192
khi,O,192
nhận,O,192
đủ,O,192
toàn_bộ,O,192
hàng_hoá,O,192
và,O,192
hoàn_tất,O,192
nghiệm_thu,O,192
.,O,192
ĐIỀU,O,194
3,O,194
:,O,194
THỜI_GIAN,O,194
VÀ,O,194
ĐỊA_ĐIỂM,O,194
GIAO,O,194
HÀNG,O,194
3.1,O,195
.,O,195
Bên,B-PARTY,195
A,I-PARTY,195
phải,O,195
giao,O,195
hàng,O,195
cho,O,195
Bên,B-PARTY,195
B,I-PARTY,195
trong,O,195
vòng,O,195
30,O,195
ngày,O,195
kể,O,195
từ,O,195
ngày,O,195
nhận,O,195
được,O,195
thanh_toán,O,195
đợt,O,195
1,O,195
.,O,195
3.2,O,196
.,O,196
Địa_điểm,O,196
giao,O,196
hàng,O,196
:,O,196
Kho,O,196
của,O,196
Bên,B-PARTY,196
B,I-PARTY,196
tại,O,196
789,O,196
Điện_Biên_Phủ,O,196
",",O,196
Quận,O,196
Bình_Thạnh,O,196
",",O,196
TP.,O,196
Hồ_Chí_Minh,O,196
.,O,196
3.3,O,197
.,O,197
Bên,B-PARTY,197
A,I-PARTY,197
chịu,O,197
trách_nhiệm,O,197
vận_chuyển,O,197
hàng_hoá,O,197
đến,O,197
địa_điểm,O,197
giao,O,197
hàng,O,197
và,O,197
chịu,O,197
mọi,O,197
chi_phí,O,197
vận_chuyển,O,197
.,O,197
3.4,O,198
.,O,198
Khi,O,198
giao,O,198
hàng,O,198
",",O,198
Bên,B-PARTY,198
A,I-PARTY,198
phải,O,198
cung_cấp,O,198
đầy_đủ,O,198
hoá_đơn,O,198
",",O,198
phiếu,O,198
xuất,O,198
kho,O,198
và,O,198
chứng_từ,O,198
liên_quan,O,198
.,O,198
ĐIỀU,O,200
4,O,200
:,O,200
NGHIỆM_THU,O,200
VÀ,O,200
BẢO_HÀNH,O,200
4.1,O,201
.,O,201
Bên,B-PARTY,201
B,I-PARTY,201
có,O,201
quyền,O,201
kiểm_tra,O,201
chất_lượng,O,201
hàng_hoá,O,201
tại,O,201
thời_điểm,O,201
giao_nhận,O,201
.,O,201
4.2,O,202
.,O,202
Thời_gian,O,202
nghiệm_thu,O,202
là,O,202
07,O,202
ngày,O,202
làm_việc,O,202
kể,O,202
từ,O,202
ngày,O,202
giao,O,202
hàng,O,202
.,O,202
4.3,O,203
.,O,203
Bên,B-PARTY,203
A_bảo,I-PARTY,203
hành,O,203
hàng_hoá,O,203
trong,O,203
thời_gian,O,203
12,O,203
tháng,O,203
kể,O,203
từ,O,203
ngày,O,203
nghiệm_thu,O,203
.,O,203
4.4,O,204
.,O,204
Trong,O,204
thời_gian,O,204
bảo_hành,O,204
",",O,204
nếu,O,204
hàng_hoá,O,204
bị,O,204
lỗi,O,204
do,O,204
nhà_sản_xuất,O,204
",",O,204
Bên,B-PARTY,204
A,I-PARTY,204
có,O,204
trách_nhiệm,O,204
thay_thế,O,204
hoặc,O,204
sửa_chữa,O,204
miễn_phí,O,204
trong,O,204
vòng,O,204
05,O,204
ngày,O,204
làm_việc,O,204
kể,O,204
từ,O,204
khi,O,204
nhận,O,204
được,O,204
thông_báo,O,204
từ,O,204
Bên,B-PARTY,204
B.,I-PARTY,204
ĐIỀU,O,206
5,O,206
:,O,206
QUYỀN,O,206
VÀ,O,206
NGHĨA_VỤ,O,206
CỦA,O,206
BÊN,B-PARTY,206
A,I-PARTY,206
5.1,O,207
.,O,207
Bên,B-PARTY,207
A,I-PARTY,207
có,O,207
quyền,O,207
yêu_cầu,O,207
Bên,B-PARTY,207
B,I-PARTY,207
thanh_toán,O,207
đúng,O,207
hạn,O,207
theo,O,207
tiến_độ,O,207
quy_định,O,207
tại,O,207
Điều,O,207
2,O,207
.,O,207
5.2,O,208
.,O,208
Bên,B-PARTY,208
A,I-PARTY,208
có,O,208
quyền,O,208
tạm,O,208
ngừng,O,208
giao,O,208
hàng,O,208
nếu,O,208
Bên,B-PARTY,208
B,I-PARTY,208
chậm,O,208
thanh_toán,O,208
quá,O,208
15,O,208
ngày,O,208
so,O,208
với,O,208
thời_hạn,O,208
quy_định,O,208
.,O,208
5.3,O,209
.,O,209
Bên,B-PARTY,209
A,I-PARTY,209
có,O,209
nghĩa_vụ,O,209
giao,O,209
hàng,O,209
đúng,O,209
chủng_loại,O,209
",",O,209
số_lượng,O,209
",",O,209
chất_lượng,O,209
và,O,209
thời_hạn,O,209
đã,O,209
thoả_thuận,O,209
.,O,209
5.4,O,210
.,O,210
Bên,B-PARTY,210
A,I-PARTY,210
phải,O,210
thông_báo,O,210
cho,O,210
Bên,B-PARTY,210
B,I-PARTY,210
trước,O,210
ít_nhất,O,210
03,O,210
ngày,O,210
nếu,O,210
có,O,210
thay_đổi,O,210
về,O,210
lịch,O,210
giao,O,210
hàng,O,210
.,O,210
ĐIỀU,O,212
6,O,212
:,O,212
QUYỀN,O,212
VÀ,O,212
NGHĨA_VỤ,O,212
CỦA,O,212
BÊN,B-PARTY,212
B,I-PARTY,212
6.1,O,213
.,O,213
Bên,B-PARTY,213
B,I-PARTY,213
có,O,213
quyền,O,213
từ_chối,O,213
nhận,O,213
hàng,O,213
nếu,O,213
hàng_hoá,O,213
không,O,213
đúng,O,213
chủng_loại,O,213
",",O,213
số_lượng,O,213
hoặc,O,213
không,O,213
đảm_bảo,O,213
chất_lượng,O,213
.,O,213
6.2,O,214
.,O,214
Bên,B-PARTY,214
B,I-PARTY,214
có,O,214
quyền,O,214
yêu_cầu,O,214
Bên,B-PARTY,214
A,I-PARTY,214
đổi,O,214
hàng,O,214
hoặc,O,214
giảm_giá,O,214
nếu,O,214
hàng_hoá,O,214
không,O,214
đạt,O,214
tiêu_chuẩn,O,214
chất_lượng,O,214
.,O,214
6.3,O,215
.,O,215
Bên,B-PARTY,215
B,I-PARTY,215
có,O,215
nghĩa_vụ,O,215
thanh_toán,O,215
đầy_đủ,O,215
và,O,215
đúng,O,215
hạn,O,215
theo,O,215
quy_định,O,215
tại,O,215
Điều,O,215
2,O,215
.,O,215
6.4,O,216
.,O,216
Bên,B-PARTY,216
B,I-PARTY,216
phải,O,216
cử,O,216
người,O,216
có,O,216
thẩm_quyền,O,216
để,O,216
tiếp_nhận,O,216
hàng_hoá,O,216
và,O,216
ký,O,216
biên_bản,O,216
giao_nhận,O,216
.,O,216
ĐIỀU,O,218
7,O,218
:,O,218
PHẠT,O,218
VI_PHẠM,O,218
VÀ,O,218
BỒI_THƯỜNG,O,218
THIỆT_HẠI,O,218
7.1,O,219
.,O,219
Nếu,O,219
Bên,B-PARTY,219
A_giao,I-PARTY,219
hàng,O,219
chậm,O,219
so,O,219
với,O,219
thời_hạn,O,219
quy_định,O,219
",",O,219
Bên,B-PARTY,219
A,I-PARTY,219
phải,O,219
chịu,O,219
phạt,O,219
0.5%,B-RATE,219
giá_trị,O,219
lô,O,219
hàng,O,219
chậm,O,219
giao,O,219
cho,O,219
mỗi,O,219
ngày,O,219
chậm,O,219
",",O,219
nhưng,O,219
tổng,O,219
mức,O,219
phạt,O,219
không,O,219
vượt,O,219
quá,O,219
8%,B-RATE,219
giá_trị,O,219
hợp_đồng,O,219
.,O,219
7.2,O,220
.,O,220
Nếu,O,220
Bên,B-PARTY,220
B,I-PARTY,220
chậm,O,220
thanh_toán,O,220
",",O,220
Bên,B-PARTY,220
B,I-PARTY,220
phải,O,220
chịu,O,220
lãi_suất,O,220
chậm,O,220
trả,O,220
là,O,220
1.5%,B-RATE,220
mỗi,O,220
tháng,O,220
trên,O,220
số,O,220
tiền,O,220
chậm,O,220
thanh_toán,O,220
.,O,220
7.3,O,221
.,O,221
Bên,O,221
vi_phạm,O,221
phải,O,221
bồi_thường,O,221
toàn_bộ,O,221
thiệt_hại,O,221
trực_tiếp,O,221
cho,O,221
bên_bị,O,221
vi_phạm,O,221
do,O,221
hành_vi,O,221
vi_phạm,O,221
hợp_đồng,O,221
gây,O,221
ra,O,221
.,O,221
7.4,O,222
.,O,222
Không,O,222
bên,O,222
nào,O,222
được,O,222
phép,O,222
tiết_lộ,O,222
thông_tin,O,222
kinh_doanh,O,222
bí_mật,O,222
của,O,222
bên,O,222
kia,O,222
cho,O,222
bên,O,222
thứ,O,222
ba,O,222
.,O,222
ĐIỀU,O,224
8,O,224
:,O,224
BẤT_KHẢ_KHÁNG,O,224
8.1,O,225
.,O,225
Trong,O,225
trường_hợp,O,225
xảy,O,225
ra,O,225
sự_kiện,O,225
bất_khả_kháng,O,225
như,O,225
thiên_tai,O,225
",",O,225
dịch_bệnh,O,225
",",O,225
chiến_tranh,O,225
hoặc,O,225
thay_đổi,O,225
chính_sách,O,225
pháp_luật,O,225
",",O,225
bên_bị,O,225
ảnh_hưởng,O,225
được,O,225
miễn_trách,O,225
nhiệm,O,225
thực_hiện,O,225
nghĩa_vụ,O,225
trong,O,225
thời_gian,O,225
xảy,O,225
ra,O,225
sự_kiện,O,225
bất_khả_kháng,O,225
.,O,225
8.2,O,226
.,O,226
Bên_bị,O,226
ảnh_hưởng,O,226
phải,O,226
thông_báo,O,226
cho,O,226
bên,O,226
còn,O,226
lại,O,226
trong,O,226
vòng,O,226
07,O,226
ngày,O,226
kể,O,226
từ,O,226
khi,O,226
xảy,O,226
ra,O,226
sự_kiện,O,226
bất_khả_kháng,O,226
.,O,226
8.3,O,227
.,O,227
Nếu,O,227
sự_kiện,O,227
bất_khả_kháng,O,227
kéo_dài,O,227
quá,O,227
90,O,227
ngày,O,227
",",O,227
mỗi,O,227
bên,O,227
có,O,227
quyền,O,227
đơn_phương,O,227
chấm_dứt,O,227
hợp_đồng,O,227
mà,O,227
không,O,227
phải,O,227
bồi_thường,O,227
thiệt_hại,O,227
.,O,227
ĐIỀU,O,229
9,O,229
:,O,229
ĐIỀU_KHOẢN,O,229
CHẤM_DỨT,O,229
HỢP_ĐỒNG,O,229
9.1,O,230
.,O,230
Hợp_đồng,O,230
chấm_dứt,O,230
khi,O,230
hai,O,230
bên,O,230
đã,O,230
hoàn_thành,O,230
đầy_đủ,O,230
nghĩa_vụ,O,230
theo,O,230
hợp_đồng,O,230
.,O,230
9.2,O,231
.,O,231
Hợp_đồng,O,231
có_thể,O,231
chấm_dứt,O,231
trước,O,231
thời_hạn,O,231
khi,O,231
hai,O,231
bên,O,231
cùng,O,231
thoả_thuận,O,231
bằng,O,231
văn_bản,O,231
.,O,231
9.3,O,232
.,O,232
Một,O,232
bên,O,232
có,O,232
quyền,O,232
đơn_phương,O,232
chấm_dứt,O,232
hợp_đồng,O,232
khi,O,232
bên,O,232
kia,O,232
vi_phạm,O,232
nghiêm_trọng,O,232
các,O,232
điều_khoản,O,232
của,O,232
hợp_đồng,O,232
và,O,232
không,O,232
khắc_phục,O,232
trong,O,232
vòng,O,232
30,O,232
ngày,O,232
kể,O,232
từ,O,232
ngày,O,232
nhận,O,232
được,O,232
thông_báo,O,232
yêu_cầu,O,232
khắc_phục,O,232
bằng,O,232
văn_bản,O,232
.,O,232
9.4,O,233
.,O,233
Khi,O,233
hợp_đồng,O,233
bị,O,233
chấm_dứt,O,233
trước,O,233
thời_hạn,O,233
",",O,233
các,O,233
bên,O,233
phải,O,233
thanh_toán,O,233
đầy_đủ,O,233
các,O,233
khoản,O,233
nợ,O,233
phát_sinh,O,233
trước,O,233
thời_điểm,O,233
chấm_dứt,O,233
.,O,233
ĐIỀU,O,235
10,O,235
:,O,235
GIẢI_QUYẾT,O,235
TRANH_CHẤP,O,235
10.1,O,236
.,O,236
Mọi,O,236
tranh_chấp,O,236
phát_sinh,O,236
từ,O,236
hoặc,O,236
liên_quan,O,236
đến,O,236
hợp_đồng,O,236
này,O,236
trước_hết,O,236
được,O,236
giải_quyết,O,236
bằng,O,236
thương_lượng,O,236
giữa,O,236
hai,O,236
bên,O,236
.,O,236
10.2,O,237
.,O,237
Trường_hợp,O,237
không,O,237
thương_lượng,O,237
được,O,237
",",O,237
tranh_chấp,O,237
sẽ,O,237
được,O,237
đưa,O,237
ra,O,237
giải_quyết,O,237
tại,O,237
Trung_tâm,B-PARTY,237
Trọng_tài,I-PARTY,237
Quốc_tế,I-PARTY,237
Việt_Nam,I-PARTY,237
bên,O,237
cạnh,O,237
Phòng,B-PARTY,237
Thương_mại,I-PARTY,237
và,I-PARTY,237
Công_nghiệp,I-PARTY,237
Việt_Nam,I-PARTY,237
.,O,237
10.3,O,238
.,O,238
Phán_quyết,O,238
của,O,238
trọng_tài,O,238
là,O,238
chung_thẩm,O,238
và,O,238
ràng_buộc,O,238
đối_với,O,238
cả,O,238
hai,O,238
bên,O,238
.,O,238
ĐIỀU,O,240
11,O,240
:,O,240
ĐIỀU_KHOẢN,O,240
CHUNG,O,240
11.1,O,241
.,O,241
Hợp_đồng,O,241
này,O,241
có,O,241
hiệu_lực,O,241
kể,O,241
từ,O,241
ngày,O,241
ký,O,241
và,O,241
hết,O,241
hiệu_lực,O,241
khi,O,241
hai,O,241
bên,O,241
hoàn_thành,O,241
đầy_đủ,O,241
nghĩa_vụ,O,241
hoặc,O,241
khi,O,241
hợp_đồng,O,241
bị,O,241
chấm_dứt,O,241
theo,O,241
quy_định,O,241
tại,O,241
Điều,O,241
9,O,241
.,O,241
11.2,O,242
.,O,242
Mọi,O,242
sửa_đổi,O,242
",",O,242
bổ_sung,O,242
hợp_đồng,O,242
phải,O,242
được,O,242
lập,O,242
thành_văn,O,242
bản,O,242
và,O,242
có,O,242
chữ_ký,O,242
của,O,242
đại_diện,O,242
hợp_pháp,O,242
của,O,242
cả,O,242
hai,O,242
bên,B-PARTY,242
.,O,242
11.3,O,243
.,O,243
Hợp_đồng,O,243
này,O,243
được,O,243
lập,O,243
thành,O,243
04,O,243
bản,O,243
",",O,243
mỗi,O,243
bên,O,243
giữ,O,243
02,O,243
bản,O,243
",",O,243
các,O,243
bản,O,243
có,O,243
giá_trị,O,243
pháp_lý,O,243
như,O,243
nhau,O,243
.,O,243
ĐẠI_DIỆN,O,245
BÊN,B-PARTY,245
A,I-PARTY,245
ĐẠI_DIỆN,O,245
BÊN,B-PARTY,245
B,I-PARTY,245
Giám_đốc,O,246
Phó,O,246
Giám_đốc,O,246
NGUYỄN_VĂN,O,249
AN,O,249
TRẦN,O,249
THỊ,O,249
MAI,O,249
CỘNG,O,251
HÒA,O,251
XÃ_HỘI_CHỦ_NGHĨA_VIỆT_NAM,O,251
Độc_lập,O,252
-,O,252
Tự_do,O,252
-,O,252
Hạnh_phúc,O,252
HỢP_ĐỒNG,O,254
MUA,O,254
SẢN_PHẨM,O,254
Số,O,255
:,O,255
124/2026/HĐ-NCKH,O,255
Căn_cứ,O,257
Thông_tư,B-LAW,257
liên_tịch,O,257
55/2015/TTLT-BTC-BKHCN,O,257
ngày,O,257
22/4/2015,B-DATE,257
của,O,257
Bộ,O,257
Tài_chính,O,257
",",O,257
Bộ,O,257
Khoa_học,O,257
và,O,257
Công_nghệ,O,257
về,O,257
hướng_dẫn,O,257
định_mức,O,257
xây_dựng,O,257
",",O,257
phân_bổ,O,257
dự_toán,O,257
và,O,257
quyết_toán,O,257
kinh_phí,O,257
đối_với,O,257
nhiệm_vụ,O,257
khoa_học,O,257
và,O,257
công_nghệ,O,257
có,O,257
sử_dụng,O,257
ngân_sách,O,257
Nhà_nước,O,257
.,O,257
Căn_cứ,O,259
Bộ_luật,B-LAW,259
Dân_sự,I-LAW,259
số,I-LAW,259
91/2015/QH13,I-LAW,259
được,O,259
Quốc_hội,O,259
nước,O,259
Cộng_hoà_Xã_hội_Chủ_nghĩa_Việt_Nam,O,259
thông_qua,O,259
ngày,B-DATE,259
24,I-DATE,259
tháng,I-DATE,259
11,I-DATE,259
năm,I-DATE,259
2015,I-DATE,259
.,O,259
Căn_cứ,O,261
Hợp_đồng,O,261
triển_khai,O,261
đề_tài,O,261
khoa_học,O,261
và,O,261
công_nghệ,O,261
số,O,261
:,O,261
45/2025/HĐ-ĐHQG,O,261
của,O,261
đề_tài,O,261
“,O,261
Nghiên_cứu,O,261
ứng_dụng,O,261
Trí_tuệ_nhân_tạo,O,261
trong,O,261
phân_tích,O,261
ngữ_nghĩa,O,261
văn_bản,O,261
pháp_luật,O,261
”,O,261
mã_số,O,261
:,O,261
B,O,261
2025-15-01,O,261
.,O,261
Căn_cứ,O,263
vào,O,263
khả_năng,O,263
&,O,263
nhu_cầu,O,263
của,O,263
hai,O,263
bên,O,263
.,O,263
Hôm_nay,O,265
",",O,265
ngày,B-DATE,265
15,I-DATE,265
tháng,I-DATE,265
04,I-DATE,265
năm,I-DATE,265
2026,I-DATE,265
",",O,265
chúng_tôi,O,265
gồm,O,265
:,O,265
1,O,267
.,O,267
Bên,B-PARTY,267
mua,I-PARTY,267
(,O,267
Bên,B-PARTY,267
A,I-PARTY,267
),O,267
:,O,267
Trường,B-PARTY,267
Đại_học,I-PARTY,267
Bách_Khoa,I-PARTY,267
-,O,267
ĐHQG,O,267
TP.,O,267
HCM,O,267
Do,O,269
Ông,O,269
:,O,269
Nguyễn_Văn_A,B-PARTY,269
-,O,269
Chủ_nhiệm,O,269
đề_tài,O,269
",",O,269
làm,O,269
đại_diện,O,269
.,O,269
Địa_chỉ,O,271
:,O,271
268,O,271
Lý_Thường_Kiệt,O,271
",",O,271
Phường,O,271
14,O,271
",",O,271
Quận,O,271
10,O,271
",",O,271
TP.,O,271
Hồ_Chí_Minh,O,271
.,O,271
Điện_thoại,O,273
:,O,273
028,O,273
3865,O,273
4184,O,273
.,O,273
2,O,275
.,O,275
Bên,B-PARTY,275
bán,I-PARTY,275
(,O,275
Bên,B-PARTY,275
B,I-PARTY,275
),O,275
:,O,275
Công_ty,B-PARTY,275
TNHH,I-PARTY,275
Công_nghệ,I-PARTY,275
Số,I-PARTY,275
Thông_Minh,I-PARTY,275
Do,O,277
Bà,O,277
:,O,277
Trần_Thị_B,B-PARTY,277
-,O,277
Chức_vụ,O,277
:,O,277
Giám_đốc,O,277
kinh_doanh,O,277
",",O,277
làm,O,277
đại_diện,O,277
.,O,277
Địa_chỉ,O,279
:,O,279
123,O,279
Đường,O,279
Ba_Tháng_Hai,O,279
",",O,279
Phường,O,279
11,O,279
",",O,279
Quận,O,279
10,O,279
",",O,279
TP.,O,279
Hồ_Chí_Minh,O,279
.,O,279
Điện_thoại,O,281
:,O,281
0909,O,281
123,O,281
456,O,281
.,O,281
Mã_số,O,283
thuế,O,283
:,O,283
Cùng,O,285
thoả_thuận,O,285
và,O,285
thống_nhất,O,285
ký_kết,O,285
Hợp_đồng,O,285
mua_bán,O,285
sản_phẩm,O,285
(,O,285
sau,O,285
đây,O,285
gọi,O,285
tắt,O,285
là,O,285
Hợp_đồng,O,285
),O,285
với,O,285
các,O,285
điều_khoản,O,285
sau,O,285
:,O,285
Điều,O,287
1,O,287
:,O,287
Bên,B-PARTY,287
A,I-PARTY,287
mua,O,287
của,O,287
Bên,B-PARTY,287
B,I-PARTY,287
các,O,287
sản_phẩm,O,287
như,O,287
sau,O,287
:,O,287
Mua,O,288
gói,O,288
dữ_liệu,O,288
"""",O,288
Dataset,O,288
10.000,O,288
mệnh_đề,O,288
hợp_đồng,O,288
kinh_tế,O,288
đã,O,288
được,O,288
gán,O,288
nhãn,O,288
"""",O,288
",",O,288
chủng_loại,O,288
dữ_liệu,O,288
số,O,288
",",O,288
chất_lượng,O,288
đạt,O,288
chuẩn,O,288
F,O,288
1,O,288
-,O,288
score,O,288
trên,O,288
90%,B-RATE,288
khi,O,288
thử_nghiệm,O,288
với,O,288
mô_hình,O,288
ngôn_ngữ,O,288
.,O,288
Điều,O,290
2,O,290
:,O,290
Thời_gian,O,290
thực_hiện,O,290
:,O,290
từ,O,290
ngày,B-DATE,290
16,I-DATE,290
tháng,I-DATE,290
04,I-DATE,290
năm,I-DATE,290
2026,I-DATE,290
đến,O,290
ngày,B-DATE,290
30,I-DATE,290
tháng,I-DATE,290
06,I-DATE,290
năm,I-DATE,290
2026,I-DATE,290
.,O,290
Điều,O,292
3,O,292
:,O,292
Tổng_số,O,292
tiền,O,292
để,O,292
thực_hiện,O,292
là,O,292
:,O,292
150.000.000,B-MONEY,292
VNĐ,I-MONEY,292
.,O,292
(,O,293
Bằng,O,293
chữ,O,293
:,O,293
Một,O,293
trăm_năm,O,293
mươi,O,293
triệu,O,293
đồng,O,293
chẵn,O,293
),O,293
.,O,293
Giá,O,294
trên,O,294
đã,O,294
bao_gồm,O,294
thuế_suất,O,294
thuế,O,294
GTGT,O,294
là,O,294
10%,B-RATE,294
.,O,294
Điều,O,296
4,O,296
:,O,296
Thanh_toán,O,296
Bên,B-PARTY,297
A,I-PARTY,297
thanh_toán,O,297
cho,O,297
Bên,B-PARTY,297
B,I-PARTY,297
bằng,O,297
hình_thức,O,297
chuyển_khoản,O,297
ngân_hàng,O,297
sau,O,297
khi,O,297
Bên,B-PARTY,297
B,I-PARTY,297
giao_nộp,O,297
sản_phẩm,O,297
đạt,O,297
yêu_cầu,O,297
và,O,297
hai,O,297
bên,O,297
ký,O,297
biên_bản,O,297
nghiệm_thu,O,297
",",O,297
thanh_lý,O,297
hợp_đồng,O,297
.,O,297
Điều,O,299
5,O,299
:,O,299
Cam_kết,O,299
chung,O,299
:,O,299
Hai,O,300
bên,O,300
thực_hiện,O,300
nghiêm_túc,O,300
tất_cả,O,300
các,O,300
điều_khoản,O,300
ghi,O,300
trong,O,300
hợp_đồng,O,300
này,O,300
.,O,300
Văn_bản,O,302
này,O,302
được,O,302
làm,O,302
thành,O,302
04,O,302
bản,O,302
",",O,302
mỗi,O,302
bên,O,302
giữ,O,302
02,O,302
bản,O,302
có,O,302
giá_trị,O,302
pháp_lý,O,302
như,O,302
nhau,O,302
.,O,302
Hợp_đồng,O,303
này,O,303
có,O,303
hiệu_lực,O,303
từ,O,303
ngày,O,303
ký,O,303
.,O,303
Đại_diện,O,305
bên,B-PARTY,305
A,I-PARTY,305
(,O,305
Bên,B-PARTY,305
mua,I-PARTY,305
),O,305
Đại_diện,O,305
bên,B-PARTY,305
B,I-PARTY,305
(,O,305
Bên,B-PARTY,305
bán,I-PARTY,305
),O,305
(,O,306
Ký_tên,O,306
",",O,306
đóng_dấu,O,306
),O,306
(,O,306
Ký_tên,O,306
",",O,306
đóng_dấu,O,306
),O,306
CỘNG,O,312
HÒA,O,312
XÃ_HỘI_CHỦ_NGHĨA_VIỆT_NAM,O,312
Độc_lập,O,313
-,O,313
Tự_do,O,313
-,O,313
Hạnh_phúc,O,313
TP.,O,315
Thủ_Đức,O,315
",",O,315
ngày,B-DATE,315
20,I-DATE,315
tháng,I-DATE,315
05,I-DATE,315
năm,I-DATE,315
2026,I-DATE,315
HỢP_ĐỒNG,O,317
CHUYỂN_ĐỔI,O,317
QUYỀN,O,318
SỬ_DỤNG,O,318
ĐẤT,O,318
NÔNG_NGHIỆP,O,318
I.,O,320
PHẦN,O,320
GHI,O,320
CỦA,O,320
CÁC,O,320
BÊN,B-PARTY,320
CHUYỂN_ĐỔI,I-PARTY,320
Hôm_nay,O,321
",",O,321
ngày,B-DATE,321
20,I-DATE,321
tháng,I-DATE,321
05,I-DATE,321
năm,I-DATE,321
2026,I-DATE,321
",",O,321
tại,O,321
Văn_phòng,O,321
Công_chứng,O,321
Thủ_Thiêm,O,321
chúng_tôi,O,321
gồm,O,321
:,O,321
Bên,B-PARTY,323
A,I-PARTY,323
:,O,323
Ông,O,325
:,O,325
Lê_Văn_Hải,B-PARTY,325
Sinh,O,327
năm,O,327
:,O,327
1980,O,327
Giấy_tờ,O,329
tuỳ_thân,O,329
số,O,329
:,O,329
079080001234,O,329
do,O,329
Cục,O,329
Cảnh_sát,O,329
quản_lý,O,329
hành_chính,O,329
về,O,329
trật_tự,O,329
xã_hội,O,329
cấp,O,329
ngày,O,329
15/10/2021,B-DATE,329
.,O,329
Địa_chỉ,O,331
:,O,331
12,O,331
Đường,O,331
số,O,331
5,O,331
",",O,331
Phường,O,331
Linh_Chiểu,O,331
",",O,331
TP.,O,331
Thủ_Đức,O,331
",",O,331
TP.,O,331
Hồ_Chí_Minh,O,331
.,O,331
Cùng,O,333
vợ,O,333
là,O,333
bà,O,333
:,O,333
Nguyễn_Thị_Mai,B-PARTY,333
Sinh,O,335
năm,O,335
:,O,335
1983,O,335
Giấy_tờ,O,337
tuỳ_thân,O,337
số,O,337
:,O,337
079083005678,O,337
do,O,337
Cục,O,337
Cảnh_sát,O,337
quản_lý,O,337
hành_chính,O,337
về,O,337
trật_tự,O,337
xã_hội,O,337
cấp,O,337
ngày,O,337
20/02/2022,B-DATE,337
.,O,337
Địa_chỉ,O,339
:,O,339
12,O,339
Đường,O,339
số,O,339
5,O,339
",",O,339
Phường,O,339
Linh_Chiểu,O,339
",",O,339
TP.,O,339
Thủ_Đức,O,339
",",O,339
TP.,O,339
Hồ_Chí_Minh,O,339
.,O,339
Bên,B-PARTY,341
B,I-PARTY,341
:,O,341
Ông,O,343
:,O,343
Phạm_Minh_Tuấn,B-PARTY,343
Sinh,O,345
năm,O,345
:,O,345
1975,O,345
Giấy_tờ,O,347
tuỳ_thân,O,347
số,O,347
:,O,347
001075009876,O,347
do,O,347
Cục,O,347
Cảnh_sát,O,347
quản_lý,O,347
hành_chính,O,347
về,O,347
trật_tự,O,347
xã_hội,O,347
cấp,O,347
ngày,O,347
05/05/2021,B-DATE,347
.,O,347
Địa_chỉ,O,349
:,O,349
45,O,349
Nguyễn_Huệ,O,349
",",O,349
Phường,O,349
Bến_Nghé,O,349
",",O,349
Quận,O,349
1,O,349
",",O,349
TP.,O,349
Hồ_Chí_Minh,O,349
.,O,349
Cùng,O,351
vợ,O,351
là,O,351
bà,O,351
:,O,351
Trần_Thu_Cúc,B-PARTY,351
Sinh,O,353
năm,O,353
:,O,353
1978,O,353
Giấy_tờ,O,355
tuỳ_thân,O,355
số,O,355
:,O,355
001078004321,O,355
do,O,355
Cục,O,355
Cảnh_sát,O,355
quản_lý,O,355
hành_chính,O,355
về,O,355
trật_tự,O,355
xã_hội,O,355
cấp,O,355
ngày,O,355
12/12/2021,B-DATE,355
.,O,355
Địa_chỉ,O,357
:,O,357
45,O,357
Nguyễn_Huệ,O,357
",",O,357
Phường,O,357
Bến_Nghé,O,357
",",O,357
Quận,O,357
1,O,357
",",O,357
TP.,O,357
Hồ_Chí_Minh,O,357
.,O,357
Điều,O,359
1,O,359
:,O,359
ĐỐI_TƯỢNG,O,359
CHUYỂN_ĐỔI,O,359
Các,O,360
bên,O,360
tự_nguyện,O,360
giao_kết,O,360
Hợp_đồng,O,360
này,O,360
để,O,360
thực_hiện,O,360
việc,O,360
chuyển_đổi,O,360
quyền,O,360
sử_dụng,O,360
đất,O,360
nông_nghiệp,O,360
với,O,360
thông_tin,O,360
cụ_thể,O,360
về,O,360
thửa,O,360
đất,O,360
như,O,360
sau,O,360
:,O,360
1.1,O,362
.,O,362
Thửa,O,362
đất,O,362
của,O,362
bên,B-PARTY,362
A,I-PARTY,362
Diện_tích,O,364
đất,O,364
chuyển_đổi,O,364
:,O,364
1.500,O,364
m2,O,364
(,O,364
Một_ngàn,O,364
năm,O,364
trăm,O,364
mét_vuông,O,364
),O,364
.,O,364
Loại,O,366
đất,O,366
:,O,366
Đất,O,366
trồng,O,366
lúa,O,366
(,O,366
LUC,O,366
),O,366
.,O,366
Thửa,O,368
số,O,368
:,O,368
102,O,368
-,O,368
Tờ,O,368
bản_đồ,O,368
số,O,368
:,O,368
Thời_hạn,O,370
sử_dụng,O,370
đất,O,370
còn,O,370
lại,O,370
:,O,370
Đến,O,370
ngày,O,370
31/12/2045,B-DATE,370
.,O,370
Được,O,372
cấp,O,372
Giấy,O,372
chứng_nhận,O,372
quyền,O,372
sử_dụng,O,372
đất,O,372
số,O,372
:,O,372
CR,O,372
123456,O,372
ngày,B-DATE,372
10,I-DATE,372
tháng,I-DATE,372
01,I-DATE,372
năm,I-DATE,372
2018,I-DATE,372
.,O,372
1.2,O,374
.,O,374
Thửa,O,374
đất,O,374
của,O,374
bên,B-PARTY,374
B,I-PARTY,374
Diện_tích,O,376
đất,O,376
chuyển_đổi,O,376
:,O,376
1.450,O,376
m2,O,376
(,O,376
Một_ngàn,O,376
bốn,O,376
trăm_năm,O,376
mươi,O,376
mét_vuông,O,376
),O,376
.,O,376
Loại,O,378
đất,O,378
:,O,378
Đất,O,378
trồng,O,378
cây_lâu_năm,O,378
(,O,378
CLN,O,378
),O,378
.,O,378
Thửa,O,380
số,O,380
:,O,380
205,O,380
-,O,380
Tờ,O,380
bản_đồ,O,380
số,O,380
:,O,380
Thời_hạn,O,382
sử_dụng,O,382
đất,O,382
còn,O,382
lại,O,382
:,O,382
Đến,O,382
ngày,O,382
15/05/2050,B-DATE,382
.,O,382
Được,O,384
cấp,O,384
Giấy,O,384
chứng_nhận,O,384
quyền,O,384
sử_dụng,O,384
đất,O,384
số,O,384
:,O,384
CT,O,384
987654,O,384
ngày,B-DATE,384
25,I-DATE,384
tháng,I-DATE,384
03,I-DATE,384
năm,I-DATE,384
2020,I-DATE,384
.,O,384
Điều,O,386
2,O,386
:,O,386
QUYỀN,O,386
VÀ,O,386
NGHĨA_VỤ,O,386
CỦA,O,386
CÁC,O,386
BÊN,O,386
(,O,387
Các,O,387
điều_khoản,O,387
quyền,O,387
và,O,387
nghĩa_vụ,O,387
giữ,O,387
nguyên,O,387
theo,O,387
mẫu,O,387
),O,387
Thanh_toán,O,389
tiền,O,389
chênh_lệch,O,389
là,O,389
50.000.000,B-MONEY,389
VNĐ,I-MONEY,389
(,O,389
Năm_mươi,O,389
triệu,O,389
đồng,O,389
chẵn,O,389
),O,389
.,O,389
Điều,O,391
3,O,391
:,O,391
PHẠT,O,391
VI_PHẠM,O,391
Sau,O,392
khi,O,392
hợp_đồng,O,392
có,O,392
hiệu_lực,O,392
nếu,O,392
một,O,392
bên,O,392
không,O,392
thực_hiện,O,392
hoặc,O,392
thực_hiện,O,392
không,O,392
đúng,O,392
hoặc,O,392
có,O,392
vi_phạm,O,392
khác,O,392
theo,O,392
nội_dung,O,392
mà,O,392
các,O,392
bên,O,392
đã,O,392
thoả_thuận,O,392
phải,O,392
chịu,O,392
phạt,O,392
vi_phạm,O,392
hợp_đồng,O,392
với,O,392
số,O,392
tiền,O,392
là,O,392
100,B-MONEY,392
triệu,I-MONEY,392
đồng,I-MONEY,392
",",O,392
trừ,O,392
trường_hợp,O,392
bên,O,392
vi_phạm,O,392
được,O,392
miễn,O,392
nghĩa_vụ,O,392
theo,O,392
quy_định,O,392
của,O,392
Bộ_luật,B-LAW,392
Dân_sự,I-LAW,392
năm,I-LAW,392
2015,I-LAW,392
.,O,392
Điều,O,394
4,O,394
:,O,394
PHƯƠNG_THỨC,O,394
GIẢI_QUYẾT,O,394
TRANH_CHẤP,O,394
Trong,O,395
quá_trình,O,395
thực_hiện,O,395
Hợp_đồng,O,395
này,O,395
",",O,395
nếu,O,395
phát_sinh,O,395
tranh_chấp,O,395
thì,O,395
các,O,395
bên,O,395
cùng,O,395
nhau,O,395
thương_lượng,O,395
",",O,395
hoà_giải,O,395
trên,O,395
nguyên_tắc,O,395
tôn_trọng,O,395
quyền,O,395
và,O,395
lợi_ích,O,395
hợp_pháp,O,395
của,O,395
nhau,O,395
;,O,395
trường_hợp,O,395
không,O,395
giải_quyết,O,395
được,O,395
thì,O,395
một,O,395
trong,O,395
các,O,395
bên,B-PARTY,395
có,O,395
quyền,O,395
khởi_kiện,O,395
để,O,395
yêu_cầu,O,395
Toà_án,O,395
nhân_dân,O,395
TP.,O,395
Thủ_Đức,O,395
giải_quyết,O,395
theo,O,395
đúng,O,395
quy_định,O,395
của,O,395
Luật,B-LAW,395
Đất_đai,I-LAW,395
năm,I-LAW,395
2024,I-LAW,395
.,O,395
Điều,O,397
5,O,397
:,O,397
CAM_ĐOAN,O,397
CỦA,O,397
CÁC,O,397
BÊN,O,397
(,O,398
Các,O,398
nội_dung,O,398
cam_đoan,O,398
giữ,O,398
nguyên,O,398
),O,398
Điều,O,400
6,O,400
:,O,400
ĐIỀU_KHOẢN,O,400
CHUNG,O,400
Hợp_đồng,O,401
này,O,401
gồm,O,401
04,O,401
tờ,O,401
",",O,401
04,O,401
trang,O,401
và,O,401
được,O,401
lập,O,401
thành,O,401
02,O,401
bản,O,401
có,O,401
giá_trị,O,401
như,O,401
nhau,O,401
",",O,401
mỗi,O,401
bên,O,401
giữ,O,401
01,O,401
bản,O,401
để,O,401
thực_hiện,O,401
.,O,401
BÊN,B-PARTY,403
A,I-PARTY,403
(,O,403
Ký,O,403
",",O,403
ghi,O,403
rõ,O,403
họ,O,403
tên,O,403
),O,403
BÊN,B-PARTY,405
B,I-PARTY,405
(,O,405
Ký,O,405
",",O,405
ghi,O,405
rõ,O,405
họ,O,405
tên,O,405
),O,405
II,O,407
.,O,407
Nội_dung,O,408
thẩm_tra,O,408
của,O,408
Uỷ_ban_nhân_dân,O,408
Phường,O,408
Linh_Chiểu,O,408
",",O,408
TP.,O,408
Thủ_Đức,O,408
:,O,408
Về,O,410
giấy_tờ,O,410
sử_dụng,O,410
đất,O,410
:,O,410
Đầy_đủ,O,410
",",O,410
hợp_lệ,O,410
.,O,410
Về,O,412
hiện_trạng,O,412
thửa,O,412
đất,O,412
:,O,412
Đúng,O,412
theo,O,412
Giấy,O,412
chứng_nhận,O,412
.,O,412
Về,O,414
điều_kiện,O,414
chuyển_đổi,O,414
:,O,414
Đủ,O,414
điều_kiện,O,414
theo,O,414
quy_định,O,414
pháp_luật,O,414
.,O,414
TM,O,416
.,O,416
(,O,417
Ký_tên,O,417
",",O,417
đóng_dấu,O,417
),O,417
CỘNG,O,419
HÒA,O,419
XÃ_HỘI_CHỦ_NGHĨA_VIỆT_NAM,O,419
Độc_lập,O,420
–,O,420
Tự_do,O,420
–,O,420
Hạnh_phúc,O,420
TP.,O,422
Hồ_Chí_Minh,O,422
",",O,422
ngày,B-DATE,422
10,I-DATE,422
tháng,I-DATE,422
06,I-DATE,422
năm,I-DATE,422
2026,I-DATE,422
HỢP_ĐỒNG,O,424
MUA_BÁN,O,424
PHẦN_MỀM,O,424
(,O,425
Số,O,425
:,O,425
88/2026/HĐMB-SOFT),O,425
Căn_cứ,O,427
Bộ_luật,B-LAW,427
Dân_sự,I-LAW,427
năm,I-LAW,427
2015,I-LAW,427
;,O,427
Căn_cứ,O,429
Luật,B-LAW,429
Sở_hữu_trí_tuệ,I-LAW,429
năm,I-LAW,429
2005,I-LAW,429
được,O,429
sửa_đổi,O,429
",",O,429
bổ_sung,O,429
năm,B-DATE,429
2009,I-DATE,429
",",O,429
2019,O,429
",",O,429
2022,O,429
;,O,429
Căn_cứ,O,431
Luật,B-LAW,431
Giao_dịch,I-LAW,431
điện_tử,O,431
năm,B-DATE,431
2023,I-DATE,431
;,O,431
Căn_cứ,O,433
khả_năng,O,433
và,O,433
nhu_cầu,O,433
của,O,433
các,O,433
bên,O,433
.,O,433
Hôm_nay,O,435
",",O,435
ngày,B-DATE,435
10,I-DATE,435
tháng,I-DATE,435
06,I-DATE,435
năm,I-DATE,435
2026,I-DATE,435
tại,O,435
địa_chỉ,O,435
456,O,435
Võ_Văn_Tần,O,435
",",O,435
Quận,O,435
3,O,435
",",O,435
TP.,O,435
Hồ_Chí_Minh,O,435
",",O,435
chúng_tôi,O,435
gồm,O,435
:,O,435
Bên,B-PARTY,437
Bán,I-PARTY,437
(,O,437
Bên,B-PARTY,437
A,I-PARTY,437
),O,437
:,O,437
Công_ty,B-PARTY,437
Cổ_phần,I-PARTY,437
Giải_pháp,I-PARTY,437
Công_nghệ_xanh,I-PARTY,437
(,O,437
Greentech,O,437
),O,437
Địa_chỉ,O,439
trụ_sở,O,439
:,O,439
789,O,439
Điện_Biên_Phủ,O,439
",",O,439
Phường,O,439
25,O,439
",",O,439
Quận,O,439
Bình_Thạnh,O,439
",",O,439
TP.,O,439
Hồ_Chí_Minh,O,439
.,O,439
Giấy_CNĐKDN,O,441
số,O,441
:,O,441
0315678901,O,441
do,O,441
Sở,O,441
Kế_hoạch,O,441
và,O,441
Đầu_tư,O,441
TP.,O,441
HCM,O,441
cấp,O,441
ngày,O,441
15/01/2019,B-DATE,441
.,O,441
Người,O,443
đại_diện,O,443
theo,O,443
pháp_luật,O,443
:,O,443
Ông,B-PARTY,443
Trần_Hoàng_Nam,I-PARTY,443
-,O,443
Sinh,O,443
năm,O,443
:,O,443
Chức_vụ,O,445
:,O,445
Tổng_Giám_đốc,O,445
.,O,445
Số,O,447
TK,O,447
:,O,447
123456789,O,447
-,O,447
Chi_nhánh,O,447
Gia_Định,O,447
-,O,447
Ngân_hàng,B-PARTY,447
Vietcombank,I-PARTY,447
.,O,447
Bên,B-PARTY,449
Mua,I-PARTY,449
(,O,449
Bên,B-PARTY,449
B,I-PARTY,449
),O,449
:,O,449
Công_ty,B-PARTY,449
TNHH,I-PARTY,449
Đầu_tư,I-PARTY,449
và,O,449
Phát_triển,O,449
Giáo_dục,O,449
Toàn_Cầu,O,449
Địa_chỉ,O,451
trụ_sở,O,451
:,O,451
12,O,451
Thân_Nhân,O,451
Trung,O,451
",",O,451
Phường,O,451
13,O,451
",",O,451
Quận,O,451
Tân_Bình,O,451
",",O,451
TP.,O,451
Hồ_Chí_Minh,O,451
.,O,451
Giấy_CNĐKDN,O,453
số,O,453
:,O,453
0309876543,O,453
do,O,453
Sở,O,453
Kế_hoạch,O,453
và,O,453
Đầu_tư,O,453
TP.,O,453
HCM,O,453
cấp,O,453
ngày,O,453
20/03/2015,B-DATE,453
.,O,453
Người,O,455
đại_diện,O,455
theo,O,455
pháp_luật,O,455
:,O,455
Bà,B-PARTY,455
Lê_Thị_Thu_Thuỷ,I-PARTY,455
-,O,455
Sinh,O,455
năm,O,455
:,O,455
Chức_vụ,O,457
:,O,457
Giám_đốc_điều_hành,O,457
.,O,457
Số,O,459
TK,O,459
:,O,459
987654321,O,459
-,O,459
Chi_nhánh,O,459
Tân_Bình,O,459
-,O,459
Ngân_hàng,B-PARTY,459
Agribank,I-PARTY,459
.,O,459
Cùng,O,461
thoả_thuận,O,461
ký_kết,O,461
Hợp_đồng,O,461
mua_bán,O,461
phần_mềm,O,461
số,O,461
88/2026/HĐMB-SOFT,O,461
để,O,461
mua_bán,O,461
Phần_mềm,O,461
Quản_lý,O,461
Tài_chính,O,461
doanh_nghiệp,O,461
ERP-X,O,461
10,O,461
thuộc,O,461
sở_hữu,O,461
của,O,461
Bên,B-PARTY,461
A,I-PARTY,461
theo,O,461
Giấy,O,461
chứng_nhận,O,461
đăng_ký,O,461
quyền_tác_giả,O,461
số,O,461
1234/2024/QTG,O,461
cho,O,461
Bên,B-PARTY,461
B,I-PARTY,461
với,O,461
giá,O,461
450.000.000,B-MONEY,461
VNĐ,I-MONEY,461
(,O,461
Bằng,O,461
chữ,O,461
:,O,461
Bốn,O,461
trăm_năm,O,461
mươi,O,461
triệu,O,461
đồng,O,461
chẵn,O,461
),O,461
.,O,461
Điều,O,463
1,O,463
.,O,463
Bên,B-PARTY,464
A,I-PARTY,464
đồng_ý,O,464
bán,O,464
phần_mềm,O,464
ERP-X,O,464
10,O,464
phiên_bản,O,464
2.0,O,464
.,O,464
Điều,O,466
2,O,466
.,O,466
Tổng,O,467
giá_trị,O,467
hợp_đồng,O,467
là,O,467
450.000.000,B-MONEY,467
VNĐ,I-MONEY,467
.,O,467
Thanh_toán,O,468
chia,O,468
làm,O,468
02,O,468
đợt,O,468
:,O,468
Đợt,O,470
1,O,470
:,O,470
Thanh_toán,O,470
135.000.000,B-MONEY,470
VNĐ,I-MONEY,470
(,O,470
30%,B-RATE,470
giá_trị,O,470
),O,470
ngay,O,470
sau,O,470
khi,O,470
ký,O,470
hợp_đồng,O,470
.,O,470
Đợt,O,472
2,O,472
:,O,472
Thanh_toán,O,472
số,O,472
tiền,O,472
còn,O,472
lại,O,472
là,O,472
315.000.000,B-MONEY,472
VNĐ,I-MONEY,472
sau,O,472
khi,O,472
bàn_giao,O,472
dữ_liệu,O,472
gốc,O,472
.,O,472
Điều,O,474
3,O,474
.,O,474
Thời_hạn,O,475
thực_hiện,O,475
từ,O,475
ngày,O,475
10/06/2026,B-DATE,475
đến,O,475
hết,O,475
ngày,O,475
31/12/2026,B-DATE,475
.,O,475
Điều,O,477
4,O,477
.,O,477
Bên,B-PARTY,478
B,I-PARTY,478
giao,O,478
cho,O,478
Bên,B-PARTY,478
A,I-PARTY,478
số,O,478
tiền,O,478
cọc,O,478
là,O,478
50.000.000,B-MONEY,478
VNĐ,I-MONEY,478
để,O,478
đảm_bảo,O,478
thực_hiện,O,478
hợp_đồng,O,478
.,O,478
Điều,O,480
5,O,480
.,O,480
Bên,B-PARTY,481
A,I-PARTY,481
cam_kết,O,481
phần_mềm,O,481
không,O,481
vi_phạm,O,481
Luật,B-LAW,481
Sở_hữu_trí_tuệ,I-LAW,481
.,O,481
Điều,O,483
6,O,483
.,O,483
Nếu,O,484
Bên,B-PARTY,484
B,I-PARTY,484
chậm,O,484
thanh_toán,O,484
",",O,484
phải,O,484
chịu,O,484
lãi_suất,O,484
chậm,O,484
trả,O,484
là,O,484
"0,05%",B-RATE,484
/,O,484
ngày,O,484
trên,O,484
số,O,484
tiền,O,484
chậm,O,484
trả,O,484
.,O,484
Nếu,O,485
một,O,485
bên,O,485
đơn_phương,O,485
chấm_dứt,O,485
hợp_đồng,O,485
sai,O,485
quy_định,O,485
phải,O,485
chịu,O,485
phạt,O,485
vi_phạm,O,485
là,O,485
36.000.000,B-MONEY,485
VNĐ,I-MONEY,485
(,O,485
tương_đương,O,485
8%,B-RATE,485
giá_trị,O,485
hợp_đồng,O,485
),O,485
.,O,485
Mọi,O,486
tranh_chấp,O,486
được,O,486
giải_quyết,O,486
tại,O,486
Toà_án,O,486
nhân_dân,O,486
TP.,O,486
Hồ_Chí_Minh,O,486
theo,O,486
quy_định,O,486
của,O,486
Bộ,O,486
luật_Tố_tụng_Dân_sự,O,486
năm,B-DATE,486
2015,I-DATE,486
.,O,486
Điều,O,488
7,O,488
.,O,488
Hợp_đồng,O,489
chấm_dứt,O,489
khi,O,489
hai,O,489
bên,O,489
hoàn_thành,O,489
nghĩa_vụ,O,489
hoặc,O,489
theo,O,489
thoả_thuận,O,489
bằng,O,489
văn_bản,O,489
.,O,489
Điều,O,491
8,O,491
.,O,491
Hợp_đồng,O,492
có,O,492
hiệu_lực,O,492
từ,O,492
ngày,O,492
10/06/2026,B-DATE,492
.,O,492
ĐẠI_DIỆN,O,494
BÊN,B-PARTY,494
A,I-PARTY,494
ĐẠI_DIỆN,I-PARTY,494
BÊN,I-PARTY,494
B,I-PARTY,494
(,O,495
Ký_tên,O,495
",",O,495
đóng_dấu,O,495
),O,495
(,O,495
Ký_tên,O,495
",",O,495
đóng_dấu,O,495
),O,495
CỘNG_HOÀ_XÃ_HỘI_CHỦ_NGHĨA_VIỆT_NAM,O,497
Độc_lập,O,498
-,O,498
Tự_do,O,498
-,O,498
Hạnh_phúc,O,498
-,O,499
-,O,499
-,O,499
-,O,499
-,O,499
-,O,499
-,O,499
-,O,499
-,O,499
-,O,499
o,O,499
0,O,499
o,O,499
-,O,499
-,O,499
-,O,499
-,O,499
-,O,499
-,O,499
-,O,499
-,O,499
-,O,499
-,O,499
-,O,499
HỢP_ĐỒNG,O,501
HỢP_TÁC,O,501
QUẢNG_CÁO,O,501
SỐ,O,502
150/2026,O,502
/,O,502
HĐHTQC,O,502
Căn_cứ,O,504
Bộ_Luật,B-LAW,504
Dân_sự,I-LAW,504
được,O,504
Quốc_hội,O,504
nước,O,504
Cộng_hoà_xã_hội_chủ_nghĩa_Việt_Nam,O,504
thông_qua,O,504
ngày,B-DATE,504
24,I-DATE,504
tháng,I-DATE,504
11,I-DATE,504
năm,I-DATE,504
2015,I-DATE,504
;,O,504
Căn_cứ,O,506
Luật,B-LAW,506
Thương_mại,I-LAW,506
2005,I-LAW,506
;,O,506
Căn_cứ,O,508
Luật,B-LAW,508
Quảng_cáo,I-LAW,508
2012,I-LAW,508
;,O,508
Căn_cứ,O,510
nhu_cầu,O,510
và,O,510
khả_năng,O,510
của,O,510
hai,O,510
bên,O,510
:,O,510
Hôm_nay,O,512
",",O,512
ngày,B-DATE,512
12,I-DATE,512
tháng,I-DATE,512
05,I-DATE,512
năm,I-DATE,512
2026,I-DATE,512
",",O,512
tại,O,512
Quận,O,512
1,O,512
",",O,512
TP.,O,512
Hồ_Chí_Minh,O,512
.,O,512
BÊN,B-PARTY,514
A,I-PARTY,514
:,O,514
CÔNG_TY,B-PARTY,514
TNHH,I-PARTY,514
MỸ_PHẨM,I-PARTY,514
THIÊN_NHIÊN,I-PARTY,514
HOA,I-PARTY,514
SEN,I-PARTY,514
Do,O,516
bà,O,516
:,O,516
Nguyễn_Mai_Anh,B-PARTY,516
-,O,516
Sinh,O,516
năm,O,516
:,O,516
1990,O,516
làm,O,516
đại_diện,O,516
.,O,516
Giấy_tờ,O,518
tuỳ_thân,O,518
số,O,518
:,O,518
001090005678,O,518
do,O,518
Cục,O,518
Cảnh_sát,O,518
quản_lý,O,518
hành_chính,O,518
về,O,518
trật_tự,O,518
xã_hội,O,518
cấp,O,518
ngày,O,518
15/05/2021,B-DATE,518
.,O,518
Trú,O,520
tại,O,520
:,O,520
123,O,520
Lê_Lợi,O,520
",",O,520
Phường,O,520
Bến_Thành,O,520
",",O,520
Quận,O,520
1,O,520
",",O,520
TP.,O,520
Hồ_Chí_Minh,O,520
.,O,520
BÊN,B-PARTY,522
B,I-PARTY,522
:,O,522
ÔNG,B-PARTY,522
TRẦN,I-PARTY,522
MINH,I-PARTY,522
QUANG,I-PARTY,522
(,O,522
KOL,O,522
QUANG_MINH,O,522
),O,522
Ông,O,524
:,O,524
Trần_Minh_Quang,B-PARTY,524
-,O,524
Sinh,O,524
năm,O,524
:,O,524
Giấy_tờ,O,526
tuỳ_thân,O,526
số,O,526
:,O,526
079095001234,O,526
do,O,526
Cục,O,526
Cảnh_sát,O,526
quản_lý,O,526
hành_chính,O,526
về,O,526
trật_tự,O,526
xã_hội,O,526
cấp,O,526
ngày,O,526
20/10/2022,B-DATE,526
.,O,526
Trú,O,528
tại,O,528
:,O,528
45/12,O,528
đường,O,528
Chu_Văn_An,O,528
",",O,528
Phường,O,528
12,O,528
",",O,528
Quận,O,528
Bình_Thạnh,O,528
",",O,528
TP.,O,528
Hồ_Chí_Minh,O,528
.,O,528
Website,O,530
:,O,530
www.quangminhreview.com.vn,O,530
Sau,O,532
khi,O,532
bàn_bạc,O,532
",",O,532
thoả_thuận,O,532
các,O,532
bên,O,532
thống_nhất,O,532
các,O,532
nội_dung,O,532
sau,O,532
:,O,532
ĐIỀU,O,534
1,O,534
:,O,534
NỘI_DUNG,O,534
CỦA,O,534
HỢP_ĐỒNG,O,534
Bên,B-PARTY,535
A,I-PARTY,535
thuê,O,535
Bên,B-PARTY,535
B,I-PARTY,535
hạng_mục,O,535
sau,O,535
:,O,535
Bên,B-PARTY,537
A,I-PARTY,537
đưa,O,537
ý_tưởng,O,537
về,O,537
bộ,O,537
sản_phẩm,O,537
dưỡng,O,537
da,O,537
"""",O,537
Sen_Trắng,O,537
"""",O,537
cho,O,537
Bên,B-PARTY,537
B.,I-PARTY,537
Bên,B-PARTY,539
B,I-PARTY,539
chịu,O,539
trách_nhiệm,O,539
quay,O,539
01,O,539
video,O,539
review,O,539
và,O,539
05,O,539
hình_ảnh,O,539
sản_phẩm,O,539
để,O,539
đăng,O,539
trên,O,539
fanpage,O,539
cá_nhân,O,539
tại,O,539
địa_chỉ,O,539
:,O,539
fb.com/quangminh.reviewer.official,O,539
ĐIỀU,O,541
2,O,541
:,O,541
GIÁ_TRỊ,O,541
HỢP_ĐỒNG,O,541
2.1,O,542
Giá_Trị,O,542
Hợp_Đồng,O,542
:,O,542
Chi_phí,O,542
thực_hiện,O,542
là,O,542
80.000.000,B-MONEY,542
VNĐ,I-MONEY,542
(,O,542
Bằng,O,542
chữ,O,542
:,O,542
Tám,O,542
mươi,O,542
triệu,O,542
đồng,O,542
chẵn,O,542
),O,542
.,O,542
2.2,O,543
.,O,543
Phương_Thức,O,543
Thanh_Toán,O,543
:,O,543
Chia,O,543
làm,O,543
hai,O,543
đợt,O,543
:,O,543
Đợt,O,545
1,O,545
:,O,545
Thanh_toán,O,545
trước,O,545
40%,B-RATE,545
giá_trị,O,545
hợp_đồng,O,545
(,O,545
tương_đương,O,545
32.000.000,B-MONEY,545
VNĐ,I-MONEY,545
),O,545
ngay,O,545
sau,O,545
khi,O,545
ký_kết,O,545
.,O,545
Đợt,O,547
2,O,547
:,O,547
Thanh_toán,O,547
60%,B-RATE,547
còn,O,547
lại,O,547
(,O,547
48.000.000,B-MONEY,547
VNĐ,I-MONEY,547
),O,547
trong,O,547
vòng,O,547
7,O,547
ngày,O,547
làm_việc,O,547
sau,O,547
khi,O,547
đăng_tải,O,547
thành_công,O,547
.,O,547
Thông_tin,O,549
tài_khoản,O,549
:,O,549
STK,O,549
:,O,549
19034567891011,O,549
-,O,549
Chủ,O,549
TK,O,549
:,O,549
Trần_Minh_Quang,O,549
-,O,549
Ngân_hàng,O,549
:,O,549
Techcombank_Chi,O,549
nhánh,O,549
Sài_Gòn,O,549
.,O,549
ĐIỀU,O,551
3,O,551
:,O,551
THỜI_HẠN,O,551
CỦA,O,551
HỢP_ĐỒNG,O,551
Hợp_đồng,O,552
có,O,552
hiệu_lực,O,552
đến,O,552
ngày,O,552
31/12/2026,B-DATE,552
.,O,552
ĐIỀU,O,554
4,O,554
:,O,554
QUYỀN,O,554
VÀ,O,554
TRÁCH_NHIỆM,O,554
CỦA,O,554
BÊN,B-PARTY,554
A,I-PARTY,554
(,O,555
Nội_dung,O,555
giữ,O,555
nguyên,O,555
theo,O,555
mẫu,O,555
),O,555
ĐIỀU,O,557
5,O,557
:,O,557
QUYỀN,O,557
VÀ,O,557
TRÁCH_NHIỆM,O,557
CỦA,O,557
BÊN,B-PARTY,557
B,I-PARTY,557
Bên,B-PARTY,558
B,I-PARTY,558
đảm_bảo,O,558
đưa,O,558
sản_phẩm,O,558
video,O,558
demo,O,558
cho,O,558
bên,B-PARTY,558
A,I-PARTY,558
trước,O,558
ngày,O,558
25/05/2026,B-DATE,558
.,O,558
ĐIỀU,O,560
6,O,560
:,O,560
PHẠT,O,560
HỢP_ĐỒNG,O,560
6.1,O,562
Bên,B-PARTY,562
A,I-PARTY,562
:,O,562
Nếu,O,562
chậm,O,562
thanh_toán,O,562
phải,O,562
trả,O,562
lãi_suất,O,562
quá,O,562
hạn,O,562
theo,O,562
quy_định,O,562
của,O,562
Ngân_hàng,B-PARTY,562
Vietcombank,I-PARTY,562
.,O,562
6.2,O,564
Bên,B-PARTY,564
B,I-PARTY,564
:,O,564
Nếu,O,564
không,O,564
đăng,O,564
bài,O,564
đúng,O,564
cam_kết,O,564
thì,O,564
chịu,O,564
phạt,O,564
15%,B-RATE,564
giá_trị,O,564
Hợp_đồng,O,564
(,O,564
tương_đương,O,564
12.000.000,B-MONEY,564
VNĐ,I-MONEY,564
),O,564
.,O,564
ĐIỀU,O,566
7,O,566
:,O,566
CÁC,O,566
TRƯỜNG_HỢP,O,566
ĐƠN_PHƯƠNG,O,566
CHẤM_DỨT,O,566
HỢP_ĐỒNG,O,566
(,O,567
Nội_dung,O,567
giữ,O,567
nguyên,O,567
theo,O,567
mẫu,O,567
),O,567
ĐIỀU,O,569
8,O,569
:,O,569
ĐIỀU_KHOẢN,O,569
CUỐI_CÙNG,O,569
Hợp_đồng,O,570
được,O,570
lập,O,570
thành,O,570
02,O,570
(,O,570
hai,O,570
),O,570
bản,O,570
có,O,570
giá_trị,O,570
pháp_lý,O,570
như,O,570
nhau,O,570
",",O,570
mỗi,O,570
bên,O,570
giữ,O,570
01,O,570
bản,O,570
.,O,570
ĐẠI_DIỆN,O,572
BÊN,B-PARTY,572
A,I-PARTY,572
ĐẠI_DIỆN,I-PARTY,572
BÊN,I-PARTY,572
B,I-PARTY,572
(,O,573
Ký,O,573
",",O,573
ghi,O,573
rõ,O,573
họ,O,573
tên,O,573
),O,573
(,O,573
Ký,O,573
",",O,573
ghi,O,573
rõ,O,573
họ,O,573
tên,O,573
),O,573
BỘ,O,575
KHOA_HỌC,O,575
VÀ,O,575
CÔNG_NGHỆ,O,575
QUỸ,B-PARTY,576
PHÁT_TRIỂN,I-PARTY,576
KHOA_HỌC,I-PARTY,576
VÀ,I-PARTY,576
CÔNG_NGHỆ,I-PARTY,576
QUỐC_GIA,I-PARTY,576
(,O,576
NAFOSTED,O,576
),O,576
CỘNG,O,578
HÒA,O,578
XÃ_HỘI_CHỦ_NGHĨA_VIỆT_NAM,O,578
Độc_lập,O,579
-,O,579
Tự_do,O,579
-,O,579
Hạnh_phúc,O,579
Hà_Nội,O,581
",",O,581
ngày,B-DATE,581
12,I-DATE,581
tháng,I-DATE,581
03,I-DATE,581
năm,I-DATE,581
2026,I-DATE,581
HỢP_ĐỒNG,O,583
GIAO,O,583
THỰC_HIỆN,O,583
NHIỆM_VỤ,O,583
(,O,584
Nhiệm_vụ,O,584
nghiên_cứu,O,584
cơ_bản,O,584
trong,O,584
Khoa_học_tự_nhiên,O,584
),O,584
Số,O,585
:,O,585
106.01-2026.35,O,585
Căn_cứ,O,587
Bộ_luật,B-LAW,587
Dân_sự,I-LAW,587
năm,I-LAW,587
2015,I-LAW,587
;,O,587
Căn_cứ,O,589
Luật_Khoa,O,589
học,O,589
",",O,589
công_nghệ,O,589
và,O,589
đổi_mới,O,589
sáng_tạo,O,589
năm,B-DATE,589
2025,I-DATE,589
;,O,589
Căn_cứ,O,591
Thông_tư,B-LAW,591
số,I-LAW,591
09/2025/TT-BKHCN,I-LAW,591
ngày,O,591
15/01/2025,B-DATE,591
của,O,591
Bộ_trưởng,O,591
Bộ,O,591
Khoa_học,O,591
và,O,591
Công_nghệ,O,591
;,O,591
Căn_cứ,O,593
Quyết_định,B-LAW,593
số,I-LAW,593
456,I-LAW,593
/,O,593
QĐ-HĐQL-NAFOSTED,O,593
phê_duyệt,O,593
danh_mục,O,593
và,O,593
kinh_phí,O,593
nhiệm_vụ,O,593
do,O,593
Quỹ_Phát,O,593
triển,O,593
khoa_học,O,593
và,O,593
công_nghệ,O,593
Quốc_gia,O,593
tài_trợ,O,593
;,O,593
1,O,595
.,O,595
Bên,B-PARTY,595
giao,I-PARTY,595
nhiệm_vụ,I-PARTY,595
(,O,595
Bên,B-PARTY,595
A,I-PARTY,595
),O,595
:,O,595
Quỹ_Phát,O,595
triển,O,595
khoa_học,O,595
và,O,595
công_nghệ,O,595
Quốc_gia,O,595
Đại_diện,O,597
là,O,597
Ông,O,597
:,O,597
Phạm_Đình_Nguyên,B-PARTY,597
-,O,597
Chức_vụ,O,597
:,O,597
Giám_đốc_điều_hành,O,597
.,O,597
Địa_chỉ,O,599
:,O,599
Số,O,599
39,O,599
Trần_Hưng_Đạo,O,599
",",O,599
Quận,O,599
Hoàn_Kiếm,O,599
",",O,599
Hà_Nội,O,599
.,O,599
Điện_thoại,O,601
:,O,601
024,O,601
3936,O,601
7750,O,601
.,O,601
Số,O,603
tài_khoản,O,603
:,O,603
21110000012345,O,603
tại,O,603
Ngân_hàng,O,603
BIDV,O,603
-,O,603
Chi_nhánh,O,603
Hà_Nội,O,603
.,O,603
Mã_số,O,605
sử_dụng,O,605
ngân_sách,O,605
:,O,605
2,O,607
.,O,607
Bên,B-PARTY,607
nhận,I-PARTY,607
nhiệm_vụ,I-PARTY,607
(,O,607
Bên,B-PARTY,607
B,I-PARTY,607
),O,607
:,O,607
Trường,B-PARTY,607
Đại_học,I-PARTY,607
Công_nghệ,I-PARTY,607
-,I-PARTY,607
ĐHQGHN,I-PARTY,607
Đại_diện,O,609
là,O,609
Ông,O,609
:,O,609
Chử_Đức_Trình,B-PARTY,609
-,O,609
Chức_vụ,O,609
:,O,609
Hiệu_trưởng,O,609
.,O,609
Địa_chỉ,O,611
:,O,611
144,O,611
Xuân_Thuỷ,O,611
",",O,611
Quận,O,611
Cầu_Giấy,O,611
",",O,611
Hà_Nội,O,611
.,O,611
Điện_thoại,O,613
:,O,613
024,O,613
3754,O,613
7461,O,613
.,O,613
Số,O,615
tài_khoản,O,615
:,O,615
0491000088888,O,615
tại,O,615
Ngân_hàng,O,615
Vietcombank,O,615
-,O,615
Chi_nhánh,O,615
Thăng_Long,O,615
.,O,615
Mã_số,O,617
sử_dụng,O,617
ngân_sách,O,617
:,O,617
Điều,O,619
1,O,619
.,O,619
Tên,O,621
:,O,621
"""",O,621
Phát_triển,O,621
thuật_toán,O,621
học,O,621
sâu,O,621
tối_ưu,O,621
cho,O,621
hệ_thống,O,621
thị_giác,O,621
máy_tính,O,621
trong,O,621
nông_nghiệp,O,621
thông_minh,O,621
"""",O,621
.,O,621
Mã_số,O,622
:,O,622
Loại_hình,O,624
:,O,624
Nghiên_cứu,O,624
ứng_dụng,O,624
.,O,624
Thuộc,O,626
:,O,626
Chương_trình,O,626
trọng_điểm,O,626
quốc_gia,O,626
về,O,626
Trí_tuệ_nhân_tạo,O,626
đến,O,626
năm,B-DATE,626
2030,I-DATE,626
.,O,626
Mục_tiêu,O,628
:,O,628
Xây_dựng,O,628
mô_hình,O,628
nhận_diện,O,628
sâu_bệnh,O,628
với,O,628
độ_chính_xác,O,628
trên,O,628
95%,B-RATE,628
.,O,628
Điều,O,630
2,O,630
.,O,630
Thời_gian,O,631
thực_hiện,O,631
nhiệm_vụ,O,631
:,O,631
24,O,631
tháng,O,631
",",O,631
từ,O,631
ngày,O,631
01/04/2026,B-DATE,631
đến,O,631
ngày,O,631
31/03/2028,B-DATE,631
.,O,631
Điều,O,633
3,O,633
.,O,633
Tổng,O,635
kinh_phí,O,635
thực_hiện,O,635
:,O,635
850.000.000,B-MONEY,635
VNĐ,I-MONEY,635
(,O,635
Bằng,O,635
chữ,O,635
:,O,635
Tám,O,635
trăm_năm,O,635
mươi,O,635
triệu,O,635
đồng,O,635
chẵn,O,635
),O,635
.,O,635
Kinh_phí,O,637
giao_khoán,O,637
:,O,637
600.000.000,B-MONEY,637
VNĐ,I-MONEY,637
.,O,637
Kinh_phí,O,639
không,O,639
giao_khoán,O,639
:,O,639
250.000.000,B-MONEY,639
VNĐ,I-MONEY,639
.,O,639
Tiến_độ,O,641
cấp,O,641
kinh_phí,O,641
:,O,641
Cấp,O,643
đợt,O,643
1,O,643
(,O,643
Tạm_ứng,O,643
),O,643
:,O,643
425.000.000,B-MONEY,643
VNĐ,I-MONEY,643
(,O,643
50%,B-RATE,643
tổng,O,643
kinh_phí,O,643
),O,643
ngay,O,643
sau,O,643
khi,O,643
ký,O,643
hợp_đồng,O,643
.,O,643
Cấp,O,645
đợt,O,645
2,O,645
:,O,645
340.000.000,B-MONEY,645
VNĐ,I-MONEY,645
(,O,645
40%,B-RATE,645
tổng,O,645
kinh_phí,O,645
),O,645
sau,O,645
khi,O,645
đánh_giá,O,645
giữa,O,645
kỳ,O,645
đạt,O,645
yêu_cầu,O,645
.,O,645
Cấp,O,647
đợt,O,647
3,O,647
:,O,647
85.000.000,B-MONEY,647
VNĐ,I-MONEY,647
(,O,647
10%,B-RATE,647
còn,O,647
lại,O,647
),O,647
sau,O,647
khi,O,647
nghiệm_thu,O,647
cuối,O,647
kỳ,O,647
.,O,647
Điều,O,649
4,O,649
.,O,649
(,O,650
Nội_dung,O,650
giữ,O,650
nguyên,O,650
theo,O,650
mẫu,O,650
pháp_lý,O,650
),O,650
Điều,O,652
6,O,652
.,O,652
Hợp_đồng,O,653
chấm_dứt,O,653
nếu,O,653
Bên,B-PARTY,653
B,I-PARTY,653
không,O,653
thực_hiện,O,653
đúng,O,653
tiến_độ,O,653
hoặc,O,653
theo,O,653
quy_định,O,653
tại,O,653
Nghị_định,B-LAW,653
số,I-LAW,653
267/2025/NĐ-CP.,I-LAW,653
Điều,O,655
9,O,655
.,O,655
Mọi,O,656
tranh_chấp,O,656
phát_sinh,O,656
được,O,656
giải_quyết,O,656
thông_qua,O,656
thương_lượng,O,656
",",O,656
trường_hợp,O,656
không,O,656
thành,O,656
sẽ,O,656
khởi_kiện,O,656
tại,O,656
Toà_án,O,656
nhân_dân,O,656
Quận,O,656
Hoàn_Kiếm,O,656
",",O,656
Hà_Nội,O,656
.,O,656
Điều,O,658
10,O,658
.,O,658
Hợp_đồng,O,659
có,O,659
hiệu_lực,O,659
kể,O,659
từ,O,659
ngày,O,659
12/03/2026,B-DATE,659
.,O,659
ĐẠI_DIỆN,O,661
BÊN,B-PARTY,661
A,I-PARTY,661
ĐẠI_DIỆN,I-PARTY,661
BÊN,I-PARTY,661
B,I-PARTY,661
(,O,662
Ký_tên,O,662
",",O,662
đóng_dấu,O,662
),O,662
(,O,662
Ký_tên,O,662
",",O,662
đóng_dấu,O,662
),O,662
Bộ,O,664
",",O,664
ngành,O,664
",",O,664
địa_phương,O,664
:,O,664
Bộ,O,664
Khoa_học,O,664
và,O,664
Công_nghệ,O,664
Đơn_vị,O,665
:,O,665
Quỹ_Phát,O,665
triển,O,665
khoa_học,O,665
và,O,665
công_nghệ,O,665
Quốc_gia,O,665
-,O,666
-,O,666
-,O,666
-,O,666
-,O,666
-,O,666
-,O,666
CỘNG,O,667
HÒA,O,667
XÃ_HỘI_CHỦ_NGHĨA_VIỆT_NAM,O,667
Độc_lập,O,668
-,O,668
Tự_do,O,668
-,O,668
Hạnh_phúc,O,668
-,O,669
-,O,669
-,O,669
-,O,669
-,O,669
-,O,669
-,O,669
-,O,669
-,O,669
-,O,669
-,O,669
-,O,669
-,O,669
-,O,669
-,O,669
Số,O,671
:,O,671
45,O,671
/,O,671
HĐDV,O,671
Hà_Nội,O,672
",",O,672
ngày,B-DATE,672
10,I-DATE,672
tháng,I-DATE,672
01,I-DATE,672
năm,I-DATE,672
2026,I-DATE,672
HỢP_ĐỒNG,O,674
DỊCH_VỤ,O,674
THỰC_HIỆN,O,675
NHIỆM_VỤ,O,675
CỦA,O,675
CÔNG_CHỨC,O,675
Căn_cứ,O,677
Luật,B-LAW,677
Đấu_thầu,I-LAW,677
ngày,B-DATE,677
23,I-DATE,677
tháng,I-DATE,677
6,I-DATE,677
năm,I-DATE,677
2023,I-DATE,677
;,O,677
Căn_cứ,O,679
Luật,B-LAW,679
sửa_đổi,O,679
",",O,679
bổ_sung,O,679
một_số,O,679
điều,O,679
của,O,679
Luật,B-LAW,679
Đấu_thầu,I-LAW,679
và,O,679
Luật,B-LAW,679
Đầu_tư,I-LAW,679
công,O,679
ngày,B-DATE,679
25,I-DATE,679
tháng,I-DATE,679
6,I-DATE,679
năm,I-DATE,679
2025,I-DATE,679
;,O,679
Căn_cứ,O,681
Bộ_luật,B-LAW,681
Dân_sự,I-LAW,681
ngày,B-DATE,681
24,I-DATE,681
tháng,I-DATE,681
11,I-DATE,681
năm,I-DATE,681
2015,I-DATE,681
;,O,681
Căn_cứ,O,683
Luật,B-LAW,683
Cán_bộ,I-LAW,683
",",O,683
công_chức,O,683
ngày,B-DATE,683
24,I-DATE,683
tháng,I-DATE,683
6,I-DATE,683
năm,I-DATE,683
2025,I-DATE,683
;,O,683
Căn_cứ,O,685
Nghị_định,B-LAW,685
số,I-LAW,685
173/2025/NĐ-CP,I-LAW,685
ngày,B-DATE,685
30,I-DATE,685
tháng,I-DATE,685
6,I-DATE,685
năm,I-DATE,685
2025,I-DATE,685
của,O,685
Chính_phủ,O,685
;,O,685
Hôm_nay,O,687
",",O,687
ngày,B-DATE,687
10,I-DATE,687
tháng,I-DATE,687
01,I-DATE,687
năm,I-DATE,687
2026,I-DATE,687
tại,O,687
trụ_sở,O,687
Quỹ_Phát,O,687
triển,O,687
khoa_học,O,687
và,O,687
công_nghệ,O,687
Quốc_gia,O,687
",",O,687
chúng_tôi,O,687
gồm,O,687
:,O,687
BÊN,B-PARTY,689
A,I-PARTY,689
:,O,689
BÊN,B-PARTY,689
SỬ_DỤNG,I-PARTY,689
DỊCH_VỤ,I-PARTY,689
Cơ_quan,O,691
",",O,691
đơn_vị,O,691
:,O,691
Quỹ_Phát,O,691
triển,O,691
khoa_học,O,691
và,O,691
công_nghệ,O,691
Quốc_gia,O,691
(,O,691
NAFOSTED,O,691
),O,691
.,O,691
Địa_chỉ,O,693
:,O,693
Số,O,693
39,O,693
Trần_Hưng_Đạo,O,693
",",O,693
Quận,O,693
Hoàn_Kiếm,O,693
",",O,693
Hà_Nội,O,693
.,O,693
Mã_số,O,695
thuế,O,695
:,O,695
Tài_khoản,O,697
Kho_bạc,O,697
:,O,697
9523.0.1055678,O,697
tại,O,697
Kho_bạc,O,697
Nhà_nước,O,697
Hoàn_Kiếm,O,697
.,O,697
Đại_diện,O,699
:,O,699
Ông,B-PARTY,699
Phạm_Đình_Nguyên,I-PARTY,699
-,O,699
Chức_vụ,O,699
:,O,699
Giám_đốc_điều_hành,O,699
.,O,699
BÊN,B-PARTY,701
B,I-PARTY,701
:,O,701
BÊN,B-PARTY,701
CUNG_ỨNG,I-PARTY,701
DỊCH_VỤ,I-PARTY,701
(,O,701
PHÁP_NHÂN,O,701
),O,701
Tên,O,703
tổ_chức,O,703
:,O,703
Công_ty,B-PARTY,703
Cổ_phần,I-PARTY,703
Tư_vấn,I-PARTY,703
Quản_lý_Nhà_nước,I-PARTY,703
Việt_Nam,I-PARTY,703
.,O,703
Địa_chỉ,O,705
trụ_sở,O,705
:,O,705
15,O,705
Lê_Thạch,O,705
",",O,705
Phường,O,705
Tràng_Tiền,O,705
",",O,705
Quận,O,705
Hoàn_Kiếm,O,705
",",O,705
Hà_Nội,O,705
.,O,705
Mã_số,O,707
thuế,O,707
:,O,707
Tài_khoản,O,709
ngân_hàng,O,709
:,O,709
111100008888,O,709
tại,O,709
Ngân_hàng,B-PARTY,709
BIDV,I-PARTY,709
-,O,709
Chi_nhánh,O,709
Hà_Thành,O,709
.,O,709
Người,O,711
đại_diện,O,711
:,O,711
Bà,B-PARTY,711
Lê_Minh_Hương,I-PARTY,711
-,O,711
Chức_vụ,O,711
:,O,711
Tổng_Giám_đốc,O,711
.,O,711
Điều,O,713
1,O,713
.,O,713
Bên,B-PARTY,715
B,I-PARTY,715
thực_hiện,O,715
hỗ_trợ,O,715
thẩm_định,O,715
hồ_sơ,O,715
kỹ_thuật,O,715
và,O,715
đánh_giá,O,715
tác_động,O,715
kinh_tế,O,715
của,O,715
50,O,715
nhiệm_vụ,O,715
khoa_học,O,715
cấp,O,715
quốc_gia,O,715
.,O,715
Thời_gian,O,717
thực_hiện,O,717
:,O,717
từ,O,717
ngày,O,717
15/01/2026,B-DATE,717
đến,O,717
ngày,O,717
15/06/2026,B-DATE,717
.,O,717
Yêu_cầu,O,719
:,O,719
Chuyên_gia,O,719
của,O,719
Bên,B-PARTY,719
B,I-PARTY,719
phải,O,719
có,O,719
tối_thiểu,O,719
10,O,719
năm,O,719
kinh_nghiệm,O,719
trong,O,719
quản_lý,O,719
dự_án,O,719
công,O,719
.,O,719
Điều,O,721
4,O,721
.,O,721
Tổng,O,723
tiền,O,723
dịch_vụ,O,723
là,O,723
:,O,723
250.000.000,B-MONEY,723
VNĐ,I-MONEY,723
(,O,723
Bằng,O,723
chữ,O,723
:,O,723
Hai,O,723
trăm_năm,O,723
mươi,O,723
triệu,O,723
đồng,O,723
chẵn,O,723
),O,723
.,O,723
Phương_thức,O,725
thanh_toán,O,725
:,O,725
Chuyển_khoản,O,725
qua,O,725
Kho_bạc,O,725
Nhà_nước,O,725
thành,O,725
02,O,725
đợt,O,725
(,O,725
Tạm_ứng,O,725
30%,B-RATE,725
và,O,725
thanh_toán,O,725
70%,B-RATE,725
sau,O,725
khi,O,725
thanh_lý,O,725
),O,725
.,O,725
THANH_LÝ,O,727
HỢP_ĐỒNG,O,727
DỊCH_VỤ,O,727
Hà_Nội,O,729
",",O,729
ngày,B-DATE,729
20,I-DATE,729
tháng,I-DATE,729
06,I-DATE,729
năm,I-DATE,729
2026,I-DATE,729
Điều,O,731
1,O,731
.,O,731
Bên,B-PARTY,732
B,I-PARTY,732
đã,O,732
hoàn_thành,O,732
việc,O,732
thẩm_định,O,732
50/50,O,732
hồ_sơ,O,732
theo,O,732
đúng,O,732
Hợp_đồng,O,732
số,O,732
45,O,732
/,O,732
HĐDV,O,732
.,O,732
Điều,O,734
2,O,734
.,O,734
Bên,B-PARTY,735
A,I-PARTY,735
xác_nhận,O,735
đã,O,735
tạm_ứng,O,735
75.000.000,B-MONEY,735
VNĐ,I-MONEY,735
.,O,735
Điều,O,737
3,O,737
.,O,737
Hai,O,738
bên,O,738
cam_kết,O,738
không,O,738
còn,O,738
bất_kỳ,O,738
nghĩa_vụ,O,738
nào,O,738
phát_sinh,O,738
sau,O,738
khi,O,738
ký,O,738
biên_bản,O,738
này,O,738
.,O,738
Bên,B-PARTY,740
A,I-PARTY,740
(,O,740
Ký_tên,O,740
",",O,740
đóng_dấu,O,740
),O,740
Bên,B-PARTY,740
B,I-PARTY,740
(,O,740
Ký_tên,O,740
",",O,740
đóng_dấu,O,740
),O,740
